question_id,paper_id,n_paragraphs,hit@1,hit@3,hit@5,hit@10
b6f15fb6279b82e34a5bf4828b7b5ddabfdf1d54,1912.01214,46,0.0,0.0,0.0,0.0
f5e6f43454332e0521a778db0b769481e23e7682,1912.01214,46,0.0,1.0,1.0,1.0
9a05a5f4351db75da371f7ac12eb0b03607c4b87,1912.01214,46,0.0,1.0,1.0,1.0
5eda469a8a77f028d0c5f1acd296111085614537,1912.01214,46,1.0,1.0,1.0,1.0
18c5d366b1da8447b5404eab71f4cc658ba12e6f,1810.08699,37,1.0,1.0,1.0,1.0
b5e4866f0685299f1d7af267bbcc4afe2aab806f,1810.08699,37,0.0,0.0,1.0,1.0
1f085b9bb7bfd0d6c8cba1a9d73f08fcf2da7590,1810.08699,37,0.0,1.0,1.0,1.0
b6ae8e10c6a0d34c834f18f66ab730b670fb528c,1609.00425,63,0.0,0.0,1.0,1.0
a87a009c242d57c51fc94fe312af5e02070f898b,1609.00425,63,0.0,0.0,0.0,0.0
2df4a045a9cd7b44874340b6fdf9308d3c55327a,1801.05147,92,0.0,0.0,0.0,0.0
a313e98994fc039a82aa2447c411dda92c65a470,1811.00383,22,1.0,1.0,1.0,1.0
37861be6aecd9242c4fdccdfcd06e48f3f1f8f81,1811.00383,22,0.0,0.0,0.0,1.0
7e62a53823aba08bc26b2812db016f5ce6159565,1811.00383,22,0.0,1.0,1.0,1.0
9eabb54c2408dac24f00f92cf1061258c7ea2e1a,1909.09067,43,0.0,0.0,0.0,1.0
3d013f15796ae7fed5272183a166c45f16e24e39,1909.09067,43,0.0,0.0,0.0,1.0
9ee07edc371e014df686ced4fb0c3a7b9ce3d5dc,1704.06194,54,0.0,0.0,0.0,0.0
d3aa0449708cc861a51551b128d73e11d62207d2,1704.06194,54,0.0,0.0,0.0,0.0
cfbec1ef032ac968560a7c76dec70faf1269b27c,1704.06194,54,0.0,1.0,1.0,1.0
c0e341c4d2253eb42c8840381b082aae274eddad,1704.06194,54,0.0,1.0,1.0,1.0
1ec152119cf756b16191b236c85522afeed11f59,1909.00512,44,0.0,0.0,0.0,0.0
891c2001d6baaaf0da4e65b647402acac621a7d2,1909.00512,44,0.0,0.0,0.0,0.0
66c96c297c2cffdf5013bab5e95b59101cb38655,2003.03106,70,0.0,1.0,1.0,1.0
6b53e1f46ae4ba9b75117fc6e593abded89366be,2003.03106,70,0.0,0.0,0.0,0.0
c0bee6539eb6956a7347daa9d2419b367bd02064,2003.03106,70,0.0,0.0,0.0,1.0
3de0487276bb5961586acc6e9f82934ef8cb668c,2003.03106,70,1.0,1.0,1.0,1.0
113d791df6fcfc9cecfb7b1bebaf32cc2e4402ab,1708.01464,54,0.0,0.0,0.0,1.0
0752d71a0a1f73b3482a888313622ce9e9870d6e,1708.01464,54,0.0,0.0,0.0,1.0
55c8f7acbfd4f5cde634aaecd775b3bb32e9ffa3,1708.01464,54,1.0,1.0,1.0,1.0
4eaf9787f51cd7cdc45eb85cf223d752328c6ee4,1708.01464,54,0.0,0.0,0.0,1.0
31735ec3d83c40b79d11df5c34154849aeb3fb47,2002.03407,43,0.0,1.0,1.0,1.0
10d450960907091f13e0be55f40bcb96f44dd074,2002.03407,43,0.0,1.0,1.0,1.0
b5608076d91450b0d295ad14c3e3a90d7e168d0e,2002.03407,43,0.0,0.0,1.0,1.0
c21b87c97d1afac85ece2450ee76d01c946de668,2002.03407,43,0.0,0.0,0.0,0.0
d087539e6a38c42f0a521ff2173ef42c0733878e,1909.11687,46,0.0,1.0,1.0,1.0
efe9bad55107a6be7704ed97ecce948a8ca7b1d2,1909.11687,46,0.0,0.0,0.0,1.0
7561a968470a8936d10e1ba722d2f38b5a9a4d38,1605.06083,30,1.0,1.0,1.0,1.0
6d4400f45bd97b812e946b8a682b018826e841f1,1605.06083,30,0.0,1.0,1.0,1.0
26c2e1eb12143d985e4fb50543cf0d1eb4395e67,1605.06083,30,1.0,1.0,1.0,1.0
f17ca24b135f9fe6bb25dc5084b13e1637ec7744,1804.05918,59,0.0,0.0,1.0,1.0
bd5bd1765362c2d972a762ca12675108754aa437,1804.05918,59,0.0,1.0,1.0,1.0
d9b6c61fc6d29ad399d27b931b6cb7b1117b314a,1809.04267,56,0.0,0.0,0.0,0.0
d27438b11bc70e706431dda0af2b1c0b0d209f96,1901.05287,29,0.0,0.0,1.0,1.0
8d4ac4afbf5b14f412171729ceb5e822afcfa3f4,1612.06685,18,0.0,0.0,0.0,1.0
3c93894c4baf49deacc6ed2a14ef5e0f13b7d96f,1612.06685,18,1.0,1.0,1.0,1.0
07d15501a599bae7eb4a9ead63e9df3d55b3dc35,1612.06685,18,0.0,0.0,0.0,1.0
99e78c390932594bd833be0f5c890af5c605d808,1912.04961,55,0.0,1.0,1.0,1.0
861187338c5ad445b9acddba8f2c7688785667b1,1912.04961,55,0.0,1.0,1.0,1.0
f161e6d5aecf8fae3a26374dcb3e4e1b40530c95,1912.04961,55,1.0,1.0,1.0,1.0
12c50dea84f9a8845795fa8b8c1679328bd66246,1910.10781,39,1.0,1.0,1.0,1.0
0810b43404686ddfe4ca84783477ae300fdd2ea4,1910.10781,39,0.0,0.0,0.0,1.0
455d4ef8611f62b1361be4f6387b222858bb5e56,1603.09631,50,0.0,1.0,1.0,1.0
bc16ce6e9c61ae13d46970ebe6c4728a47f8f425,1603.09631,50,0.0,0.0,0.0,1.0
1ff0fccf0dca95a6630380c84b0422bed854269a,1911.06964,29,0.0,0.0,0.0,0.0
3d7d865e905295d11f1e85af5fa89b210e3e9fdf,1911.06964,29,0.0,0.0,1.0,1.0
2ad4d3d222f5237ed97923640bc8e199409cbe52,1911.06964,29,0.0,1.0,1.0,1.0
3fad42be0fb2052bb404b989cc7d58b440cd23a0,1911.06964,29,0.0,1.0,1.0,1.0
ee417fea65f9b1029455797671da0840c8c1abbe,2001.02284,119,0.0,0.0,1.0,1.0
ca5a82b54cb707c9b947aa8445aac51ea218b23a,2001.02284,119,0.0,0.0,1.0,1.0
da55bd769721b878dd17f07f124a37a0a165db02,2001.02284,119,0.0,0.0,0.0,0.0
feb448860918ef5b905bb25d7b855ba389117c1f,2002.01664,19,1.0,1.0,1.0,1.0
4bc2784be43d599000cb71d31928908250d4cef3,2002.01664,19,1.0,1.0,1.0,1.0
75df70ce7aa714ec4c6456d0c51f82a16227f2cb,2002.01664,19,0.0,1.0,1.0,1.0
6424e442b34a576f904d9649d63acf1e4fdefdfc,1808.09111,61,0.0,0.0,0.0,1.0
5eabfc6cc8aa8a99e6e42514ef9584569cb75dec,1808.09111,61,0.0,1.0,1.0,1.0
887c6727e9f25ade61b4853a869fe712fe0b703d,1808.09111,61,0.0,0.0,1.0,1.0
6236762b5631d9e395f81e1ebccc4bf3ab9b24ac,1906.08593,45,0.0,1.0,1.0,1.0
31d695ba855d821d3e5cdb7bea638c7dbb7c87c7,1906.08593,45,0.0,0.0,0.0,1.0
2c78993524ca62bf1f525b60f2220a374d0e3535,1809.00540,42,1.0,1.0,1.0,1.0
d604f5fb114169f75f9a38fab18c1e866c5ac28b,1809.00540,42,0.0,0.0,1.0,1.0
16535db1d73a9373ffe9d6eedaa2369cefd91ac4,2004.03354,62,0.0,0.0,0.0,1.0
897ba53ef44f658c128125edd26abf605060fb13,1611.04798,44,0.0,0.0,0.0,1.0
41ac23e32bf208b69414f4b687c4f324c6132464,1611.04798,44,0.0,0.0,0.0,1.0
e97186c51d4af490dba6faaf833d269c8256426c,1912.13337,67,0.0,1.0,1.0,1.0
5bb3c27606c59d73fd6944ba7382096de4fa58d8,1912.13337,67,1.0,1.0,1.0,1.0
8de9f14c7c4f37ab103bc8a639d6d80ade1bc27b,1912.13337,67,0.0,0.0,0.0,1.0
85590bb26fed01a802241bc537d85ba5ef1c6dc2,1912.13337,67,0.0,0.0,0.0,0.0
75ff6e425ce304a35f18c0230c0d13d3913a31a9,1912.13337,67,0.0,1.0,1.0,1.0
5cb610d3d5d7d447b4cd5736d6a7d8262140af58,1809.01541,45,0.0,0.0,0.0,1.0
b9d168da5321a7d7b812c52bb102a05210fe45bd,1809.01541,45,0.0,0.0,0.0,0.0
0c234db3b380c27c4c70579a5d6948e1e3b24ff1,1809.01541,45,0.0,1.0,1.0,1.0
fa527becb8e2551f4fd2ae840dbd4a68971349e0,1809.01541,45,0.0,1.0,1.0,1.0
32a3c248b928d4066ce00bbb0053534ee62596e7,1809.01541,45,0.0,0.0,0.0,0.0
45e9533586199bde19313cd43b3d0ecadcaf7a33,1809.09194,27,1.0,1.0,1.0,1.0
d3dbb5c22ef204d85707d2d24284cc77fa816b6c,1809.09194,27,0.0,0.0,1.0,1.0
a5e49cdb91d9fd0ca625cc1ede236d3d4672403c,1809.09194,27,1.0,1.0,1.0,1.0
aefa333b2cf0a4000cd40566149816f5b36135e7,1604.05372,33,0.0,1.0,1.0,1.0
c5abe97625b9e1c8de8208e15d59c704a597b88c,2002.08795,25,0.0,1.0,1.0,1.0
eb2d5edcdfe18bd708348283f92a32294bb193a5,2002.08795,25,1.0,1.0,1.0,1.0
88ab7811662157680144ed3fdd00939e36552672,2002.08795,25,0.0,1.0,1.0,1.0
286078813136943dfafb5155ee15d2429e7601d9,1802.06024,50,0.0,1.0,1.0,1.0
8f16dc7d7be0d284069841e456ebb2c69575b32b,1802.06024,50,1.0,1.0,1.0,1.0
a7d020120a45c39bee624f65443e09b895c10533,1802.06024,50,0.0,1.0,1.0,1.0
585626d18a20d304ae7df228c2128da542d248ff,1802.06024,50,0.0,0.0,0.0,0.0
bfc2dc913e7b78f3bd45e5449d71383d0aa4a890,1802.06024,50,0.0,1.0,1.0,1.0
6aa2a1e2e3666f2b2a1f282d4cbdd1ca325eb9de,1809.00530,59,1.0,1.0,1.0,1.0
b46c0015a122ee5fb95c2a45691cb97f80de1bb6,1809.00530,59,0.0,0.0,0.0,0.0
5b7a4994bfdbf8882f391adf1cd2218dbc2255a0,1809.00530,59,1.0,1.0,1.0,1.0
9176d2ba1c638cdec334971c4c7f1bb959495a8e,1809.00530,59,0.0,0.0,0.0,0.0
0ba3ea93eef5660a79ea3c26c6a270eac32dfa4c,1710.07960,59,0.0,0.0,0.0,0.0
5e324846a99a5573cd2e843d1657e87f4eb22fa6,1710.07960,59,0.0,0.0,1.0,1.0
2ccc26e11df4eb26fcccdd1f446dc749aff5d572,1912.03804,43,0.0,0.0,1.0,1.0
f318a2851d7061f05a5b32b94251f943480fbd15,1912.03804,43,0.0,0.0,1.0,1.0
6bbbb9933aab97ce2342200447c6322527427061,1912.03804,43,1.0,1.0,1.0,1.0
2007bfb8f66e88a235c3a8d8c0a3b3dd88734706,1912.03804,43,0.0,1.0,1.0,1.0
d859cc37799a508bbbe4270ed291ca6394afce2c,1912.03804,43,0.0,0.0,1.0,1.0
50e80cfa84200717921840fddcf3b051a9216ad8,1912.08960,39,0.0,0.0,1.0,1.0
b1bc9ae9d40e7065343c12f860a461c7c730a612,1912.08960,39,0.0,1.0,1.0,1.0
63a1cbe66fd58ff0ead895a8bac1198c38c008aa,1912.08960,39,0.0,0.0,0.0,0.0
509af1f11bd6f3db59284258e18fdfebe86cae47,1912.08960,39,1.0,1.0,1.0,1.0
23e16c1173b7def2c5cb56053b57047c9971e3bb,2002.11910,20,0.0,0.0,0.0,1.0
d78f7f84a76a07b777d4092cb58161528ca3803c,2002.11910,20,0.0,0.0,1.0,1.0
9da1e124d28b488b0d94998d32aa2fa8a5ebec51,2002.11910,20,0.0,1.0,1.0,1.0
37be0d479480211291e068d0d3823ad0c13321d3,1909.09587,28,0.0,1.0,1.0,1.0
a3d9b101765048f4b61cbd3eaa2439582ebb5c77,1909.09587,28,0.0,0.0,0.0,1.0
009ce6f2bea67e7df911b3f93443b23467c9f4a1,1909.09587,28,0.0,1.0,1.0,1.0
55569d0a4586d20c01268a80a7e31a17a18198e2,1909.09587,28,0.0,0.0,0.0,1.0
7cd22ca9e107d2b13a7cc94252aaa9007976b338,1802.07862,63,1.0,1.0,1.0,1.0
adbf33c6144b2f5c40d0c6a328a92687a476f371,1802.07862,63,0.0,0.0,1.0,1.0
f7a89b9cd2792f23f2cb43d50a01b8218a6fbb24,1802.07862,63,0.0,0.0,0.0,0.0
a0543b4afda15ea47c1e623c7f00d4aaca045be0,1802.07862,63,0.0,0.0,0.0,0.0
1591068b747c94f45b948e12edafe74b5e721047,1802.07862,63,1.0,1.0,1.0,1.0
193ee49ae0f8827a6e67388a10da59e137e7769f,2004.01853,42,0.0,0.0,1.0,1.0
ed2eb4e54b641b7670ab5a7060c7b16c628699ab,2004.01853,42,0.0,1.0,1.0,1.0
beac555c4aea76c88f19db7cc901fa638765c250,1710.03348,48,0.0,0.0,1.0,1.0
91e326fde8b0a538bc34d419541b5990d8aae14b,1710.03348,48,0.0,1.0,1.0,1.0
044f922604b4b3f42ae381419fd5cd5624fa0637,1710.03348,48,0.0,0.0,0.0,0.0
f94b53db307685d572aefad52cd55f53d23769c2,1612.03226,24,1.0,1.0,1.0,1.0
aa7d327ef98f9f9847b447d4def04889b4508d7a,1612.03226,24,0.0,0.0,1.0,1.0
b8d7d055ddb94f5826a9aad7479b4a92a9c8a2f0,1612.03226,24,1.0,1.0,1.0,1.0
551457ed34ca7fc0878c85bc664b135c21059b58,1612.03226,24,0.0,0.0,1.0,1.0
0ad4359e3e7e5e5f261c2668fe84c12bc762b3b8,1809.02286,83,0.0,0.0,0.0,0.0
4cbe5a36b492b99f9f9fea8081fe4ba10a7a0e94,1809.01202,39,0.0,0.0,1.0,1.0
a4d115220438c0ded06a91ad62337061389a6747,1809.01202,39,0.0,0.0,0.0,0.0
2c7e94a65f5f532aa31d3e538dcab0468a43b264,1909.02027,33,0.0,0.0,0.0,1.0
149da739b1c19a157880d9d4827f0b692006aa2c,1909.02027,33,0.0,0.0,1.0,1.0
27de1d499348e17fec324d0ef00361a490659988,1909.02027,33,0.0,0.0,1.0,1.0
cfcdd73e712caf552ba44d0aa264d8dace65a589,1909.02027,33,0.0,1.0,1.0,1.0
23b2901264bda91045258b5d4120879ae292e950,1911.02855,69,1.0,1.0,1.0,1.0
b5bc34e1e381dbf972d0b594fe8c66ff75305d71,1911.02855,69,1.0,1.0,1.0,1.0
72f7ef55e150e16dcf97fe443aff9971a32414ef,1911.02855,69,0.0,1.0,1.0,1.0
20e38438471266ce021817c6364f6a46d01564f2,1911.02855,69,0.0,1.0,1.0,1.0
28067da818e3f61f8b5152c0d42a531bf0f987d4,1906.01081,40,0.0,1.0,1.0,1.0
bf3b27a4f4be1f9ae31319877fd0c75c03126fd5,1906.01081,40,0.0,0.0,1.0,1.0
ffa7f91d6406da11ddf415ef094aaf28f3c3872d,1906.01081,40,1.0,1.0,1.0,1.0
2f901dab6b757e12763b23ae8b37ae2e517a2271,1611.01576,48,1.0,1.0,1.0,1.0
b591853e938984e6069d738371500ebdec50d256,1611.01576,48,1.0,1.0,1.0,1.0
a130306c6662ff489df13fb3f8faa7cba8c52a21,1611.01576,48,0.0,1.0,1.0,1.0
b1cf5739467ba90059add58d11b73d075a11ec86,1904.09535,45,0.0,1.0,1.0,1.0
2ea4347f1992b0b3958c4844681ff0fe4d0dd1dd,1904.09535,45,0.0,1.0,1.0,1.0
4f253dfced6a749bf57a1b4984dc962ce9550184,1904.09535,45,0.0,1.0,1.0,1.0
dc1cec824507fc85ac1ba87882fe1e422ff6cffb,1911.03059,28,0.0,0.0,0.0,0.0
f428618ca9c017e0c9c2a23515dab30a7660f65f,1911.03059,28,0.0,0.0,1.0,1.0
8ce11515634236165cdb06ba80b9a36a8b9099a2,1706.08198,48,0.0,1.0,1.0,1.0
6024039bbd1118c5dab86c41cce1175d99f10a25,1706.08198,48,1.0,1.0,1.0,1.0
de5b6c25e35b3a6c5e40e350fc5e52c160b33490,1909.08089,57,1.0,1.0,1.0,1.0
b66c9a4021b6c8529cac1a2b54dacd8ec79afa5f,1909.08089,57,0.0,0.0,1.0,1.0
6bfba3ddca5101ed15256fca75fcdc95a53cece7,1910.09982,66,1.0,1.0,1.0,1.0
df5a4505edccc0ee11349ed6e7958cf6b84c9ed4,1910.09982,66,0.0,0.0,0.0,0.0
fd753ab5177d7bd27db0e0afc12411876ee607df,1910.09982,66,1.0,1.0,1.0,1.0
88e62ea7a4d1d2921624b8480b5c6b50cfa5ad42,1609.00559,57,0.0,0.0,0.0,0.0
4dcf67b5e7bd1422e7e70c657f6eacccd8de06d3,1609.00559,57,0.0,1.0,1.0,1.0
8b3d3953454c88bde88181897a7a2c0c8dd87e23,1609.00559,57,0.0,0.0,0.0,0.0
784ce5a983c5f2cc95a2c60ce66f2a8a50f3636f,1604.00727,56,0.0,0.0,0.0,1.0
7705dd04acedaefee30d8b2c9978537afb2040dc,1604.00727,56,0.0,0.0,0.0,0.0
0ee73909ac638903da4a0e5565c8571fc794ab96,1612.02482,55,0.0,0.0,1.0,1.0
1f07e837574519f2b696f3d6fa3230af0b931e5d,1608.01084,61,0.0,0.0,0.0,1.0
5a65ad10ff954d0f27bb3ccd9027e3d8f7f6bb76,1904.10503,30,0.0,0.0,0.0,0.0
729694a9fe1e05d329b7a4078a596fe606bc5a95,1904.10503,30,0.0,0.0,0.0,0.0
1c997c268c68149ae6fb43d83ffcd53f0e7fe57e,1904.10503,30,1.0,1.0,1.0,1.0
5cc2daca2a84ddccba9cdd9449e51bb3f64b3dde,1912.01772,37,0.0,0.0,0.0,0.0
f9bf6bef946012dd42835bf0c547c0de9c1d229f,1912.01772,37,0.0,1.0,1.0,1.0
6a633811019e9323dc8549ad540550d27aa6d972,1603.01987,65,0.0,0.0,0.0,0.0
6b9b9e5d154cb963f6d921093539490daa5ebbae,1908.06941,31,0.0,1.0,1.0,1.0
bc4dca3e1e83f3b4bbb53a31557fc5d8971603b2,1908.06941,31,0.0,1.0,1.0,1.0
d46c0ea1ba68c649cc64d2ebb6af20202a74a3c7,1908.06941,31,0.0,0.0,1.0,1.0
6844683935d0d8f588fa06530f5068bf3e1ed0c0,1908.06941,31,0.0,0.0,1.0,1.0
8acab64ba72831633e8cc174d5469afecccf3ae9,1702.03856,14,0.0,1.0,1.0,1.0
53aa07cc4cc4e7107789ae637dbda8c9f6c1e6aa,1702.03856,14,0.0,0.0,0.0,1.0
72755c2d79210857cfff60bfbcb55f83c71ada51,1702.03856,14,1.0,1.0,1.0,1.0
7d2f812cb345bb3ab91eb8cbbdeefd4b58f65569,1904.01548,10,0.0,0.0,0.0,1.0
bd6dc38a9ac8d329114172194b0820766458dacc,1904.01548,10,0.0,0.0,0.0,1.0
3ddff6b707767c3dd54d7104fe88b628765cae58,1606.03676,25,0.0,0.0,0.0,1.0
0a5ffe4697913a57fda1fd5a188cd5ed59bdc5c7,1606.03676,25,1.0,1.0,1.0,1.0
c88a846197b72d25e04ec55f00ee3e72f655504c,1802.00396,76,0.0,0.0,0.0,1.0
78292bc57ee68fdb93ed45430d80acca25a9e916,1911.03343,20,0.0,1.0,1.0,1.0
443d2448136364235389039cbead07e80922ec5c,1712.00991,38,1.0,1.0,1.0,1.0
aa6d956c2860f58fc9baea74c353c9d985b05605,1712.00991,38,1.0,1.0,1.0,1.0
4c18081ae3b676cc7831403d11bc070c10120f8e,1712.00991,38,1.0,1.0,1.0,1.0
fb3d30d59ed49e87f63d3735b876d45c4c6b8939,1712.00991,38,1.0,1.0,1.0,1.0
197b276d0610ebfacd57ab46b0b29f3033c96a40,1712.00991,38,0.0,1.0,1.0,1.0
e025061e199b121f2ac8f3d9637d9bf987d65cd5,1712.00991,38,1.0,1.0,1.0,1.0
61652a3da85196564401d616d251084a25ab4596,1712.00991,38,0.0,0.0,0.0,1.0
14b74ad5a6f5b0506511c9b454e9c464371ef8c4,1805.08241,35,0.0,1.0,1.0,1.0
5f2bade0881c719ab026bc2e2962e2ada96cdb25,1907.04433,13,0.0,0.0,0.0,0.0
5c88d601e8fca96bffebfa9ef22331ecf31c6d75,2003.04642,59,0.0,0.0,0.0,1.0
71bd5db79635d48a0730163a9f2e8ef19a86cd66,2003.04642,59,1.0,1.0,1.0,1.0
9ecde59ffab3c57ec54591c3c7826a9188b2b270,2003.04642,59,0.0,0.0,0.0,1.0
005cca3c8ab6c3a166e315547a2259020f318ffb,2003.04642,59,0.0,1.0,1.0,1.0
bcc0cd4e262f2db4270429ab520971bcf39414cf,2001.09215,12,0.0,1.0,1.0,1.0
f641f561ad2ea2794a52e4e4bdd62e1f353ab797,2001.09215,12,0.0,0.0,0.0,1.0
af34051bf3e628c1e2a00b110bb84e5f018b419f,1909.07575,65,1.0,1.0,1.0,1.0
022c365a14fdec406c7a945a1a18e7e79df37f08,1909.07575,65,0.0,1.0,1.0,1.0
5260cb56b7d127772425583c5c28958c37cb9bea,1701.04056,46,0.0,1.0,1.0,1.0
9b97805a0c093df405391a85e4d3ab447671c86a,1904.07904,28,1.0,1.0,1.0,1.0
38f58f13c7f23442d5952c8caf126073a477bac0,1904.07904,28,0.0,0.0,0.0,0.0
7ee5c45b127fb284a4a9e72bb9b980a602f7445a,1904.07904,28,0.0,0.0,1.0,1.0
ddf5e1f600b9ce2e8f63213982ef4209bab01fd8,1904.07904,28,1.0,1.0,1.0,1.0
27275fe9f6a9004639f9ac33c3a5767fea388a98,2003.11645,19,0.0,0.0,0.0,1.0
ef3567ce7301b28e34377e7b62c4ec9b496f00bf,2003.11645,19,0.0,0.0,0.0,1.0
7595260c5747aede0b32b7414e13899869209506,2003.11645,19,1.0,1.0,1.0,1.0
c2d1387e08cf25cb6b1f482178cca58030e85b70,2003.11645,19,0.0,0.0,1.0,1.0
5a22293b055f5775081d6acdc0450f7bd5f5de04,1909.02304,30,0.0,0.0,0.0,0.0
03c967763e51ef2537793db7902e2c9c17e43e95,1909.02304,30,0.0,0.0,0.0,0.0
26327ccebc620a73ba37a95aabe968864e3392b2,1604.03114,33,0.0,0.0,1.0,1.0
ababb79dd3c301f4541beafa181f6a6726839a10,1604.03114,33,0.0,1.0,1.0,1.0
8eefa116e3c3d3db751423cc4095d1c4153d3a5f,1608.06757,43,0.0,1.0,1.0,1.0
a778b8204a415b295f73b93623d09599f242f202,2001.03131,33,0.0,0.0,0.0,1.0
642e8cf1d39faa1cd985d16750cdc6696c52db2f,1606.02891,33,0.0,0.0,0.0,0.0
493e971ee3f57a821ef1f67ef3cd47ade154e7c4,1803.09123,51,0.0,1.0,1.0,1.0
8dd8e5599fc56562f2acbc16dd8544689cddd938,1803.09123,51,0.0,1.0,1.0,1.0
abe2393415e533cb06311e74ed1c5674cff8571f,1910.01863,50,1.0,1.0,1.0,1.0
00c57e45ac6afbdfa67350a57e81b4fad0ed2885,1701.08229,29,0.0,0.0,1.0,1.0
22714f6cad2d5c54c28823e7285dc85e8d6bc109,1701.08229,29,1.0,1.0,1.0,1.0
82642d3111287abf736b781043d49536fe48c350,1701.08229,29,1.0,1.0,1.0,1.0
5a81732d52f64e81f1f83e8fd3514251227efbc7,1701.08229,29,0.0,0.0,0.0,0.0
9a8b9ea3176d30da2453cac6e9347737c729a538,1912.06262,37,1.0,1.0,1.0,1.0
4477bb513d56e57732fba126944073d414d1f75f,1912.06262,37,0.0,1.0,1.0,1.0
1b23c4535a6c10eb70bbc95313c465e4a547db5e,1709.07814,26,0.0,0.0,1.0,1.0
0a75a52450ed866df3a304077769e1725a995bb7,1709.07814,26,0.0,1.0,1.0,1.0
fd0a3e9c210163a55d3ed791e95ae3875184b8f8,1709.07814,26,0.0,0.0,1.0,1.0
c37f65c9f0d543a35c784263b79236ccf1c44fac,1806.00738,19,1.0,1.0,1.0,1.0
584af673429c7f8621c6bf83362a37048daa0e5d,1806.00738,19,1.0,1.0,1.0,1.0
1be54c5b3ea67d837ffba2290a40c1e720d9587f,1806.00738,19,0.0,1.0,1.0,1.0
b08f88d1facefceb87e134ba2c1fa90035018e83,1806.00738,19,0.0,1.0,1.0,1.0
b06512c17d99f9339ffdab12cedbc63501ff527e,1811.00147,55,1.0,1.0,1.0,1.0
fd8e23947095fe2230ffe1a478945829b09c8c95,1811.00147,55,0.0,0.0,0.0,0.0
3611a72f754de1e256fbd25b012197e1c24e8470,1610.09225,28,0.0,1.0,1.0,1.0
4c07c33dfaf4f3e6db55e377da6fa69825d0ba15,1610.09225,28,1.0,1.0,1.0,1.0
b1ce129678e37070e69f01332f1a8587e18e06b0,1610.09225,28,0.0,0.0,0.0,0.0
7fb27d8d5a8bb351f97236a1f6dcd8b2613b16f1,2003.08380,23,0.0,1.0,1.0,1.0
0689904db9b00a814e3109fb1698086370a28fa2,1811.05711,76,0.0,0.0,0.0,1.0
cc354c952b5aaed2d4d1e932175e008ff2d801dd,1805.04508,64,0.0,0.0,0.0,0.0
0f12dc077fe8e5b95ca9163cea1dd17195c96929,1805.04508,64,1.0,1.0,1.0,1.0
2ddb51b03163d309434ee403fef42d6b9aecc458,1904.03288,33,0.0,0.0,0.0,1.0
e587559f5ab6e42f7d981372ee34aebdc92b646e,1904.03288,33,0.0,0.0,0.0,1.0
f68508adef6f4bcdc0cc0a3ce9afc9a2b6333cc5,1909.13714,10,0.0,1.0,1.0,1.0
5563a3538d311c979c2fb83c1cc9afc66ff6fffc,1909.13714,10,0.0,1.0,1.0,1.0
91bc8c0bc1634045177065536dd311f89134630b,1910.05603,19,0.0,0.0,0.0,1.0
fe1dcd6ef1f8618bbceee418f07cafe63a8efe08,1910.05603,19,0.0,0.0,0.0,0.0
53f74250948015c394e7b8438a2041fdeb330911,1910.05603,19,0.0,1.0,1.0,1.0
bdc91d1283a82226aeeb7a2f79dbbc57d3e84a1a,1909.03405,52,0.0,0.0,0.0,1.0
7b4fb6da74e6bd1baea556788a02969134cf0800,1909.03405,52,0.0,1.0,1.0,1.0
bc31a3d2f7c608df8c019a64d64cb0ccc5669210,1909.03405,52,1.0,1.0,1.0,1.0
f67b9bda14ec70feba2e0d10c400b2b2025a0a6a,1801.07887,16,0.0,0.0,0.0,0.0
1cfed6b0c9b5a079a51166209649a987e7553e4e,1801.07887,16,0.0,1.0,1.0,1.0
761de1610e934189850e8fda707dc5239dd58092,1907.03060,66,0.0,0.0,0.0,0.0
f8da63df16c4c42093e5778c01a8e7e9b270142e,2002.04095,54,0.0,0.0,1.0,1.0
c09a92e25e6a81369fcc4ae6045491f2690ccc10,1710.04203,78,0.0,0.0,0.0,0.0
603fee7314fa65261812157ddfc2c544277fcf90,1911.10049,33,1.0,1.0,1.0,1.0
70e9210fe64f8d71334e5107732d764332a81cb1,1812.06864,23,0.0,0.0,1.0,1.0
051df74dc643498e95d16e58851701628fdfd43e,1911.01371,62,0.0,0.0,1.0,1.0
33554065284110859a8ea3ca7346474ab2cab100,1911.01371,62,1.0,1.0,1.0,1.0
57f23dfc264feb62f45d9a9e24c60bd73d7fe563,1811.12254,71,0.0,0.0,0.0,0.0
54830abe73fef4e629a36866ceeeca10214bd2c8,1909.09551,65,1.0,1.0,1.0,1.0
2fbb6322e485e7743ec3fb4bb02d44bf4b5ea8a6,1701.02962,44,0.0,0.0,0.0,1.0
ef7212075e80bf35b7889dc8dd52fcbae0d1400a,1806.05504,40,1.0,1.0,1.0,1.0
567dc9bad8428ea9a2658c88203a0ed0f8da0dc3,1908.05828,52,0.0,0.0,0.0,1.0
d51dc36fbf6518226b8e45d4c817e07e8f642003,1908.05828,52,0.0,1.0,1.0,1.0
cb77d6a74065cb05318faf57e7ceca05e126a80d,1908.05828,52,0.0,0.0,0.0,0.0
8a7615fc6ff1de287d36ab21bf2c6a3b2914f73d,1908.05828,52,0.0,0.0,1.0,1.0
a1b3e2107302c5a993baafbe177684ae88d6f505,1908.05828,52,0.0,0.0,0.0,1.0
bb2de20ee5937da7e3e6230e942bec7b6e8f61ee,1908.05828,52,0.0,0.0,0.0,1.0
1462eb312944926469e7cee067dfc7f1267a2a8c,1908.05828,52,1.0,1.0,1.0,1.0
f59f1f5b528a2eec5cfb1e49c87699e0c536cc45,1908.05828,52,0.0,0.0,0.0,0.0
9bd080bb2a089410fd7ace82e91711136116af6c,1908.05828,52,0.0,0.0,1.0,1.0
6d1217b3d9cfb04be7fcd2238666fa02855ce9c5,1908.05828,52,0.0,0.0,0.0,0.0
1e775cf30784e6b1c2b573294a82e145a3f959bb,1909.13104,30,1.0,1.0,1.0,1.0
392fb87564c4f45d0d8d491a9bb217c4fce87f03,1909.13104,30,0.0,0.0,0.0,1.0
203337c15bd1ee05763c748391d295a1f6415b9b,1909.13104,30,0.0,0.0,0.0,1.0
d004ca2e999940ac5c1576046e30efa3059832fa,1909.13104,30,0.0,1.0,1.0,1.0
21548433abd21346659505296fb0576e78287a74,1909.13104,30,0.0,1.0,1.0,1.0
f0b2289cb887740f9255909018f400f028b1ef26,1909.13104,30,0.0,0.0,1.0,1.0
51b1142c1d23420dbf6d49446730b0e82b32137c,1909.13104,30,0.0,0.0,0.0,0.0
58355e2a782bf145b61ee2a3e0e426119985c179,1909.13104,30,0.0,0.0,1.0,1.0
25c1c4a91f5dedd4e06d14121af3b5921db125e9,2002.02070,33,0.0,0.0,1.0,1.0
f88036174b4a0dbf4fe70ddad884d16082c5748d,2002.02070,33,0.0,0.0,0.0,0.0
a267d620af319b48e56c191aa4c433ea3870f6fb,2002.02070,33,0.0,0.0,0.0,0.0
899ed05c460bf2aa0aa65101cad1986d4f622652,2002.02070,33,0.0,0.0,0.0,0.0
d53299fac8c94bd0179968eb868506124af407d1,2002.02070,33,0.0,1.0,1.0,1.0
29f2954098f055fb19d9502572f085862d75bf61,2002.02070,33,0.0,1.0,1.0,1.0
6bf93968110c6e3e3640360440607744007a5228,2002.02070,33,0.0,0.0,0.0,1.0
37a79be0148e1751ffb2daabe4c8ec6680036106,1611.03599,37,0.0,1.0,1.0,1.0
518dae6f936882152c162058895db4eca815e649,1611.03599,37,0.0,1.0,1.0,1.0
e44a6bf67ce3fde0c6608b150030e44d87eb25e3,1611.03599,37,1.0,1.0,1.0,1.0
6a31db1aca57a818f36bba9002561724655372a7,1611.03599,37,0.0,1.0,1.0,1.0
e330e162ec29722f5ec9f83853d129c9e0693d65,1611.03599,37,0.0,1.0,1.0,1.0
d3093062aebff475b4deab90815004051e802aa6,1611.03599,37,0.0,0.0,0.0,1.0
4944cd597b836b62616a4e37c045ce48de8c82ca,1908.10084,67,1.0,1.0,1.0,1.0
a29c071065d26e5ee3c3bcd877e7f215c59d1d33,1908.10084,67,0.0,0.0,0.0,1.0
7f207549c75f5c4388efc15ed28822672b845663,1908.10084,67,0.0,0.0,0.0,0.0
2e89ebd2e4008c67bb2413699589ee55f59c4f36,1908.10084,67,0.0,1.0,1.0,1.0
e2db361ae9ad9dbaa9a85736c5593eb3a471983d,1908.10084,67,0.0,1.0,1.0,1.0
ed67359889cf61fa11ee291d6c378cccf83d599d,1707.06806,29,1.0,1.0,1.0,1.0
425bd2ccfd95ead91d8f2b1b1c8ab9fc3446cb82,1707.06806,29,1.0,1.0,1.0,1.0
955de9f7412ba98a0c91998919fa048d339b1d48,1707.06806,29,0.0,0.0,1.0,1.0
3b371ea554fa6639c76a364060258454e4b931d4,1707.06806,29,1.0,1.0,1.0,1.0
ddb23a71113cbc092cbc158066d891cae261e2c6,1707.06806,29,1.0,1.0,1.0,1.0
e79a5b6b6680bd2f63e9f4adbaae1d7795d81e38,1806.04511,30,1.0,1.0,1.0,1.0
c7486d039304ca9d50d0571236429f4f6fbcfcf7,1806.04511,30,0.0,1.0,1.0,1.0
f1f1dcc67b3e4d554bfeb508226cdadb3c32d2e9,1806.04511,30,1.0,1.0,1.0,1.0
a103636c8d1dbfa53341133aeb751ffec269415c,1806.04511,30,0.0,1.0,1.0,1.0
55139fcfe04ce90aad407e2e5a0067a45f31e07e,1806.04511,30,0.0,0.0,1.0,1.0
fbaf060004f196a286fef67593d2d76826f0304e,1806.04511,30,0.0,0.0,0.0,1.0
7ae38f51243cb80b16a1df14872b72a1f8a2048f,1904.04358,19,0.0,0.0,0.0,0.0
deb89bca0925657e0f91ab5daca78b9e548de2bd,1904.04358,19,0.0,1.0,1.0,1.0
9c33b340aefbc1f15b6eb6fb3e23ee615ce5b570,1904.04358,19,0.0,0.0,0.0,0.0
e6583c60b13b87fc37af75ffc975e7e316d4f4e0,1904.04358,19,0.0,1.0,1.0,1.0
c7b6e6cb997de1660fd24d31759fe6bb21c7863f,1904.04358,19,0.0,1.0,1.0,1.0
f9f59c171531c452bd2767dc332dc74cadee5120,1904.04358,19,0.0,0.0,0.0,1.0
4ac2c3c259024d7cd8e449600b499f93332dab60,1912.00667,62,0.0,0.0,0.0,1.0
bc730e4d964b6a66656078e2da130310142ab641,1912.00667,62,0.0,0.0,0.0,1.0
3941401a182a3d6234894a5c8a75d48c6116c45c,1912.00667,62,0.0,1.0,1.0,1.0
67e9e147b2cab5ba43572ce8a17fc863690172f0,1912.00667,62,0.0,1.0,1.0,1.0
a74190189a6ced2a2d5b781e445e36f4e527e82a,1912.00667,62,0.0,0.0,0.0,1.0
43f074bacabd0a355b4e0f91a1afd538c0a6244f,1912.00667,62,0.0,0.0,0.0,1.0
78a5546e87d4d88e3d9638a0a8cd0b7debf1f09d,1912.08904,35,0.0,0.0,0.0,1.0
375b281e7441547ba284068326dd834216e55c07,1912.08904,35,0.0,1.0,1.0,1.0
05c49b9f84772e6df41f530d86c1f7a1da6aa489,1912.08904,35,1.0,1.0,1.0,1.0
6ecb69360449bb9915ac73c0a816c8ac479cbbfc,1912.08904,35,0.0,0.0,0.0,1.0
68df324e5fa697baed25c761d0be4c528f7f5cf7,1912.08904,35,0.0,0.0,1.0,1.0
77c34f1033702278f7f044806c1eba0c6ecb8b04,1703.10344,99,1.0,1.0,1.0,1.0
2ee715c7c6289669f11a79743a6b2b696073805d,1703.10344,99,1.0,1.0,1.0,1.0
61a9ea36ddc37c60d1a51dabcfff9445a2225725,1703.10344,99,1.0,1.0,1.0,1.0
cc850bc8245a7ae790e1f59014371d4f35cd46d7,1703.10344,99,0.0,0.0,0.0,0.0
984fc3e726848f8f13dfe72b89e3770d00c3a1af,1703.10344,99,0.0,0.0,0.0,0.0
fb1227b3681c69f60eb0539e16c5a8cd784177a7,1703.10344,99,1.0,1.0,1.0,1.0
277a7e916e65dfefd44d2d05774f95257ac946ae,2003.13032,32,0.0,0.0,0.0,0.0
2916bbdb95ef31ab26527ba67961cf5ec94d6afe,2003.13032,32,1.0,1.0,1.0,1.0
f2e8497aa16327aa297a7f9f7d156e485fe33945,2003.13032,32,0.0,1.0,1.0,1.0
9b76f428b7c8c9fc930aa88ee585a03478bff9b3,2003.13032,32,1.0,1.0,1.0,1.0
dd6b378d89c05058e8f49e48fd48f5c458ea2ebc,2003.13032,32,0.0,0.0,0.0,0.0
e35c2fa99d5c84d8cb5d83fca2b434dcd83f3851,1910.06592,34,1.0,1.0,1.0,1.0
c00ce1e3be14610fb4e1f0614005911bb5ff0302,1910.06592,34,0.0,0.0,0.0,1.0
71fe5822d9fccb1cb391c11283b223dc8aa1640c,1910.06592,34,1.0,1.0,1.0,1.0
97d0f9a1540a48e0b4d30d7084a8c524dd09a4c3,1910.06592,34,0.0,1.0,1.0,1.0
1062a0506c3691a93bb914171c2701d2ae9621cb,1910.06592,34,0.0,1.0,1.0,1.0
483a699563efcb8804e1861b18809279f21c7610,1910.06592,34,0.0,0.0,0.0,1.0
d3ff2986ca8cb85a9a5cec039c266df756947b43,1910.06592,34,0.0,0.0,0.0,1.0
3e1829e96c968cbd8ad8e9ce850e3a92a76b26e4,1910.06592,34,0.0,1.0,1.0,1.0
2317ca8d475b01f6632537b95895608dc40c4415,1910.06592,34,0.0,1.0,1.0,1.0
3e88fb3d28593309a307eb97e875575644a01463,1910.06592,34,1.0,1.0,1.0,1.0
e8f969ffd637b82d04d3be28c51f0f3ca6b3883e,1706.01678,51,0.0,0.0,0.0,1.0
46227b4265f1d300a5ed71bf40822829de662bc2,1706.01678,51,0.0,1.0,1.0,1.0
a6a48de63c1928238b37c2a01c924b852fe752f8,1706.01678,51,0.0,0.0,0.0,0.0
b65a83a24fc66728451bb063cf6ec50134c8bfb0,1706.01678,51,0.0,0.0,1.0,1.0
8c852fc29bda014d28c3ee5b5a7e449ab9152d35,1902.09666,43,0.0,0.0,0.0,0.0
682e26262abba473412f68cbeb5f69aa3b9968d7,1902.09666,43,0.0,0.0,0.0,0.0
5daeb8d4d6f3b8543ec6309a7a35523e160437eb,1902.09666,43,1.0,1.0,1.0,1.0
74fb77a624ea9f1821f58935a52cca3086bb0981,1902.09666,43,0.0,1.0,1.0,1.0
d015faf0f8dcf2e15c1690bbbe2bf1e7e0ce3751,1902.09666,43,0.0,1.0,1.0,1.0
55bd59076a49b19d3283af41c5e3ccb875f3eb0c,1902.09666,43,0.0,1.0,1.0,1.0
521280a87c43fcdf9f577da235e7072a23f0673e,1902.09666,43,0.0,1.0,1.0,1.0
5a8cc8f80509ea77d8213ed28c5ead501c68c725,1902.09666,43,0.0,0.0,0.0,1.0
290ee79b5e3872e0496a6a0fc9b103ab7d8f6c30,1902.09666,43,0.0,1.0,1.0,1.0
1b72aa2ec3ce02131e60626639f0cf2056ec23ca,1902.09666,43,0.0,0.0,0.0,0.0
c49ee6ac4dc812ff84d255886fd5aff794f53c39,1604.00400,69,0.0,0.0,0.0,0.0
3f856097be2246bde8244add838e83a2c793bd17,1604.00400,69,1.0,1.0,1.0,1.0
bf52c01bf82612d0c7bbf2e6a5bb2570c322936f,1604.00400,69,1.0,1.0,1.0,1.0
74e866137b3452ec50fb6feaf5753c8637459e62,1604.00400,69,0.0,0.0,0.0,1.0
184b0082e10ce191940c1d24785b631828a9f714,1604.00400,69,0.0,0.0,0.0,0.0
c59078efa7249acfb9043717237c96ae762c0a8c,1905.12801,38,0.0,0.0,0.0,1.0
73bddaaf601a4f944a3182ca0f4de85a19cdc1d2,1905.12801,38,1.0,1.0,1.0,1.0
d4e5e3f37679ff68914b55334e822ea18e60a6cf,1905.12801,38,0.0,0.0,0.0,1.0
5f60defb546f35d25a094ff34781cddd4119e400,1905.12801,38,0.0,0.0,0.0,0.0
90d946ccc3abf494890e147dd85bd489b8f3f0e8,1905.12801,38,0.0,0.0,1.0,1.0
b962cc817a4baf6c56150f0d97097f18ad6cd9ed,1810.12196,35,0.0,0.0,0.0,0.0
fb5fb11e7d01b9f9efe3db3417b8faf4f8d6931f,1810.12196,35,0.0,0.0,0.0,1.0
52f8a3e3cd5d42126b5307adc740b71510a6bdf5,1810.12196,35,1.0,1.0,1.0,1.0
2236386729105f5cf42f73cc055ce3acdea2d452,1810.12196,35,0.0,0.0,0.0,0.0
18942ab8c365955da3fd8fc901dfb1a3b65c1be1,1810.12196,35,0.0,1.0,1.0,1.0
7b4992e2d26577246a16ac0d1efc995ab4695d24,1707.05236,24,0.0,0.0,0.0,1.0
ab9b0bde6113ffef8eb1c39919d21e5913a05081,1707.05236,24,0.0,1.0,1.0,1.0
9a9d225f9ac35ed35ea02f554f6056af3b42471d,1707.05236,24,1.0,1.0,1.0,1.0
ea56148a8356a1918bedcf0a99ae667c27792cfe,1707.05236,24,1.0,1.0,1.0,1.0
cd32a38e0f33b137ab590e1677e8fb073724df7f,1707.05236,24,0.0,0.0,0.0,1.0
2c6b50877133a499502feb79a682f4023ddab63e,1810.04428,26,0.0,1.0,1.0,1.0
f651cd144b7749e82aa1374779700812f64c8799,1810.04428,26,1.0,1.0,1.0,1.0
4625cfba3083346a96e573af5464bc26c34ec943,1810.04428,26,1.0,1.0,1.0,1.0
326588b1de9ba0fd049ab37c907e6e5413e14acd,1810.04428,26,0.0,0.0,0.0,0.0
ebf0d9f9260ed61cbfd79b962df3899d05f9ebfb,1810.04428,26,0.0,1.0,1.0,1.0
55507f066073b29c1736b684c09c045064053ba9,2004.02192,62,0.0,1.0,1.0,1.0
e838275bb0673fba0d67ac00e4307944a2c17be3,2004.02192,62,1.0,1.0,1.0,1.0
8dda1ef371933811e2a25a286529c31623cca0c6,2004.02192,62,0.0,1.0,1.0,1.0
b3de9357c569fb1454be8f2ac5fcecaea295b967,2004.02192,62,0.0,0.0,0.0,1.0
59e58c6fc63cf5b54b632462465bfbd85b1bf3dd,2004.02192,62,0.0,1.0,1.0,1.0
5c3e98e3cebaecd5d3e75ec2c9fc3dd267ac3c83,1909.06200,55,1.0,1.0,1.0,1.0
3f0ae9b772eeddfbfd239b7e3196dc6dfa21365f,1909.06200,55,0.0,1.0,1.0,1.0
14b8ae5656e7d4ee02237288372d9e682b24fdb8,1909.06200,55,0.0,0.0,0.0,1.0
e3a2d8886f03e78ed5e138df870f48635875727e,1909.06200,55,0.0,0.0,0.0,1.0
62f27fe08ddb67f16857fab2a8a721926ecbb6fb,1909.06200,55,0.0,1.0,1.0,1.0
9ca447c8959a693a3f7bdd0a2c516f4b86f95718,1706.06894,21,1.0,1.0,1.0,1.0
05887a8466e0a2f0df4d6a5ffc5815acd7d9066a,1706.06894,21,0.0,1.0,1.0,1.0
c87fcc98625e82fdb494ff0f5309319620d69040,1706.06894,21,1.0,1.0,1.0,1.0
500a8ec1c56502529d6e59ba6424331f797f31f0,1706.06894,21,0.0,1.0,1.0,1.0
ff6c9af28f0e2bb4fb6a69f124665f8ceb966fbc,1706.06894,21,1.0,1.0,1.0,1.0
f2155dc4aeab86bf31a838c8ff388c85440fce6e,1908.11047,33,0.0,1.0,1.0,1.0
ed6a15f0f7fa4594e51d5bde21cc0c6c1bedbfdc,1908.11047,33,0.0,0.0,1.0,1.0
4d706ce5bde82caf40241f5b78338ea5ee5eb01e,1908.11047,33,0.0,0.0,0.0,1.0
86bf75245358f17e35fc133e46a92439ac86d472,1908.11047,33,0.0,1.0,1.0,1.0
9132d56e26844dc13b3355448d0f14b95bd2178a,1908.11047,33,1.0,1.0,1.0,1.0
0602a974a879e6eae223cdf048410b5a0111665e,1908.09246,65,1.0,1.0,1.0,1.0
56b034c303983b2e276ed6518d6b080f7b8abe6a,1908.09246,65,0.0,0.0,1.0,1.0
15e481e668114e4afe0c78eefb716ffe1646b494,1908.09246,65,0.0,0.0,0.0,1.0
3d7a982c718ea6bc7e770d8c5da564fbb9d11951,1908.09246,65,1.0,1.0,1.0,1.0
692c9c5d9ff9cd3e0ce8b5e4fa68dda9bd23dec1,1612.08205,59,1.0,1.0,1.0,1.0
935d6a6187e6a0c9c0da8e53a42697f853f5c248,1612.08205,59,0.0,0.0,0.0,0.0
3b77b4defc8a139992bd0b07b5cf718382cb1a5f,1612.08205,59,0.0,0.0,0.0,0.0
01a41c0a4a7365cd37d28690735114f2ff5229f2,1612.08205,59,0.0,0.0,0.0,1.0
6b6d498546f856ac20958f666fc3fd55811347e2,1907.09369,29,0.0,1.0,1.0,1.0
de3b1145cb4111ea2d4e113f816b537d052d9814,1907.09369,29,0.0,0.0,0.0,0.0
132f752169adf6dc5ade3e4ca773c11044985da4,1907.09369,29,0.0,0.0,1.0,1.0
1d9aeeaa6efa1367c22be0718f5a5635a73844bd,1907.09369,29,0.0,1.0,1.0,1.0
012b8a89aea27485797373adbcda32f16f9d7b54,1911.07555,28,0.0,0.0,0.0,0.0
c598028815066089cc1e131b96d6966d2610467a,1911.07555,28,1.0,1.0,1.0,1.0
ca4daafdc23f4e23d933ebabe682e1fe0d4b95ed,1911.07555,28,1.0,1.0,1.0,1.0
0ab3df10f0b7203e859e9b62ffa7d6d79ffbbe50,1911.07555,28,1.0,1.0,1.0,1.0
92dfacbbfa732ecea006e251be415a6f89fb4ec6,1911.07555,28,1.0,1.0,1.0,1.0
c8541ff10c4e0c8e9eb37d9d7ea408d1914019a9,1911.07555,28,0.0,1.0,1.0,1.0
307e8ab37b67202fe22aedd9a98d9d06aaa169c5,1911.07555,28,0.0,0.0,0.0,0.0
e5c8e9e54e77960c8c26e8e238168a603fcdfcc6,1911.07555,28,0.0,0.0,0.0,0.0
50be4a737dc0951b35d139f51075011095d77f2a,1503.00841,69,0.0,0.0,0.0,1.0
6becff2967fe7c5256fe0b00231765be5b9db9f1,1503.00841,69,0.0,1.0,1.0,1.0
76121e359dfe3f16c2a352bd35f28005f2a40da3,1503.00841,69,0.0,1.0,1.0,1.0
02428a8fec9788f6dc3a86b5d5f3aa679935678d,1503.00841,69,0.0,1.0,1.0,1.0
7793805982354947ea9fc742411bec314a6998f6,1804.11346,25,0.0,0.0,1.0,1.0
72ed5fed07ace5e3ffe9de6c313625705bc8f0c7,1804.11346,25,1.0,1.0,1.0,1.0
b49598b05358117ab1471b8ebd0b042d2f04b2a4,1611.08661,73,0.0,1.0,1.0,1.0
932b39fd6c47c6a880621a62e6a978491d881d60,1611.08661,73,0.0,0.0,0.0,0.0
b36f867fcda5ad62c46d23513369337352aa01d2,1611.08661,73,0.0,0.0,0.0,1.0
c6a0b9b5dabcefda0233320dd1548518a0ae758e,1910.07601,48,0.0,0.0,0.0,0.0
1e185a3b8cac1da939427b55bf1ba7e768c5dae4,1910.07601,48,0.0,1.0,1.0,1.0
26e2d4d0e482e6963a76760323b8e1c26b6eee91,1910.07601,48,1.0,1.0,1.0,1.0
f56d07f73b31a9c72ea737b40103d7004ef6a079,1909.00175,39,1.0,1.0,1.0,1.0
38e4aaeabf06a63a067b272f8950116733a7895c,1909.00175,39,0.0,1.0,1.0,1.0
1d197cbcac7b3f4015416f0152a6692e881ada6c,1910.06036,49,1.0,1.0,1.0,1.0
92294820ac0d9421f086139e816354970f066d8a,1910.06036,49,0.0,0.0,0.0,0.0
477d9d3376af4d938bb01280fe48d9ae7c9cf7f7,1910.06036,49,1.0,1.0,1.0,1.0
f225a9f923e4cdd836dd8fe097848da06ec3e0cc,1910.06036,49,1.0,1.0,1.0,1.0
ff338921e34c15baf1eae0074938bf79ee65fdd2,2002.01984,140,0.0,0.0,0.0,0.0
e807d347742b2799bc347c0eff19b4c270449fee,2002.01984,140,0.0,0.0,1.0,1.0
31b92c03d5b9be96abcc1d588d10651703aff716,2002.01984,140,0.0,1.0,1.0,1.0
9ec1f88ceec84a10dc070ba70e90a792fba8ce71,2002.01984,140,0.0,0.0,0.0,0.0
aef607d2ac46024be17b1ddd0ed3f13378c563a6,1909.00326,65,0.0,1.0,1.0,1.0
93beae291b455e5d3ecea6ac73b83632a3ae7ec7,1909.00326,65,0.0,1.0,1.0,1.0
6c91d44d5334a4ac80100eead4e105d34e99a284,1909.00326,65,0.0,0.0,0.0,0.0
b3d01ac226ee979e188a4141877a6d2a5482de98,1910.14599,52,0.0,1.0,1.0,1.0
af5730d82535464cedfa707a03415ac2e7a21295,1910.14599,52,0.0,0.0,0.0,1.0
ee2c9bc24d70daa0c87e38e0558e09ab97feb4f2,1910.14599,52,0.0,0.0,0.0,0.0
b249b60a8c94d0e40d65f1ffdfcac527dab57516,1906.00790,51,1.0,1.0,1.0,1.0
0f567251a6566f65170a1329eeeb5105932036b2,1906.00790,51,0.0,0.0,0.0,0.0
4aa9b60c0ccd379c6fb089c84a6c7b872ee9ec4f,1906.00790,51,0.0,0.0,0.0,0.0
60ce4868af45753c9e124e64e518c32376f12694,1906.00790,51,0.0,1.0,1.0,1.0
1b1a30e9e68a9ae76af467e60cefb180d135e285,1903.03530,47,1.0,1.0,1.0,1.0
2c85865a65acd429508f50b5e4db9674813d67f2,1903.03530,47,0.0,0.0,0.0,1.0
73a7acf33b26f5e9475ee975ba00d14fd06f170f,1903.03530,47,0.0,0.0,1.0,1.0
dd53baf26dad3d74872f2d8956c9119a27269bd5,1903.03530,47,0.0,0.0,0.0,0.0
218bc82796eb8d91611996979a4a42500131a936,1712.05608,46,1.0,1.0,1.0,1.0
b21bc09193699dc9cfad523f3d5542b0b2ff1b8e,1712.05608,46,1.0,1.0,1.0,1.0
352bc6de5c5068c6c19062bad1b8f644919b1145,1712.05608,46,1.0,1.0,1.0,1.0
8bb0011ad1d63996d5650770f3be18abdd9f7fc6,1809.03449,40,0.0,0.0,0.0,0.0
b0dbe75047310fec4d4ce787be5c32935fc4e37b,1809.03449,40,1.0,1.0,1.0,1.0
d64383e39357bd4177b49c02eb48e12ba7ffd4fb,1809.03449,40,1.0,1.0,1.0,1.0
52f9cd05d8312ae3c7a43689804bac63f7cac34b,1809.03449,40,1.0,1.0,1.0,1.0
dea9e7fe8e47da5e7f31d9b1a46ebe34e731a596,1806.05513,31,0.0,1.0,1.0,1.0
955cbea7e5ead36fb89cd6229a97ccb3febcf8bc,1806.05513,31,0.0,0.0,0.0,0.0
04d1b3b41fb62a7b896afe55e0e8bc5ffb8c6e39,1806.05513,31,0.0,0.0,1.0,1.0
15cdd9ea4bae8891c1652da2ed34c87bbbd0edb8,1806.05513,31,0.0,0.0,0.0,0.0
ab0fd94dfc291cf3e54e9b7a7f78b852ddc1a797,1903.09722,23,0.0,0.0,1.0,1.0
6ca938324dc7e1742a840d0a54dc13cc207394a1,1903.09722,23,0.0,1.0,1.0,1.0
4fa6fbb9df1a4c32583d4ef70d2b29ece4b3d802,1903.09722,23,0.0,0.0,0.0,0.0
4d47bef19afd70c10bbceafd1846516546641a2f,1903.09722,23,0.0,0.0,1.0,1.0
506d21501d54a12d0c9fd3dbbf19067802439a04,1806.11432,25,0.0,1.0,1.0,1.0
701571680724c05ca70c11bc267fb1160ea1460a,1806.11432,25,1.0,1.0,1.0,1.0
ee7e9a948ee6888aa5830b1a3d0d148ff656d864,1806.11432,25,1.0,1.0,1.0,1.0
5fda8539a97828e188ba26aad5cda1b9dd642bc8,1910.14537,54,0.0,0.0,0.0,0.0
709feae853ec0362d4e883db8af41620da0677fe,1910.14537,54,0.0,1.0,1.0,1.0
186b7978ee33b563a37139adff1da7d51a60f581,1910.14537,54,0.0,1.0,1.0,1.0
fabcd71644bb63559d34b38d78f6ef87c256d475,1910.14537,54,0.0,0.0,1.0,1.0
da9c0637623885afaf023a319beee87898948fe9,1808.10245,46,0.0,1.0,1.0,1.0
8a1c0ef69b6022a0642ca131a8eacb5c97016640,1808.10245,46,0.0,1.0,1.0,1.0
48088a842f7a433d3290eb45eb0d4c6ab1d8f13c,1808.10245,46,0.0,1.0,1.0,1.0
4907096cf16d506937e592c50ae63b642da49052,1808.10245,46,0.0,0.0,1.0,1.0
8748e8f64af57560d124c7b518b853bf2711c13e,1910.12574,28,0.0,0.0,0.0,1.0
893ec40b678a72760b6802f6abf73b8f487ae639,1910.12574,28,1.0,1.0,1.0,1.0
c81f215d457bdb913a5bade2b4283f19c4ee826c,1910.12574,28,0.0,1.0,1.0,1.0
e101e38efaa4b931f7dd75757caacdc945bb32b4,1910.12574,28,0.0,1.0,1.0,1.0
afb77b11da41cd0edcaa496d3f634d18e48d7168,1910.12574,28,1.0,1.0,1.0,1.0
41b2355766a4260f41b477419d44c3fd37f3547d,1910.12574,28,1.0,1.0,1.0,1.0
96a4091f681872e6d98d0efee777d9e820cb8dae,1910.12574,28,0.0,0.0,1.0,1.0
81a35b9572c9d574a30cc2164f47750716157fc8,1910.12574,28,0.0,0.0,0.0,1.0
f4496316ddd35ee2f0ccc6475d73a66abf87b611,1702.03342,54,1.0,1.0,1.0,1.0
e8a32460fba149003566969f92ab5dd94a8754a4,1702.03342,54,0.0,0.0,0.0,1.0
2a6003a74d051d0ebbe62e8883533a5f5e55078b,1702.03342,54,0.0,0.0,0.0,0.0
b7381927764536bd97b099b6a172708125364954,1805.03710,43,0.0,0.0,0.0,0.0
df95b3cb6aa0187655fd4856ae2b1f503d533583,1805.03710,43,0.0,0.0,1.0,1.0
f7ed3b9ed469ed34f46acde86b8a066c52ecf430,1805.03710,43,0.0,0.0,1.0,1.0
c7eb71683f53ab7acffd691a36cad6edc7f5522e,1807.07279,40,0.0,0.0,0.0,1.0
17a1eff7993c47c54eddc7344e7454fbe64191cd,1807.07279,40,0.0,1.0,1.0,1.0
a5e5cda1f6195ab1336855f1e39a609d61326d62,1807.07279,40,0.0,0.0,0.0,0.0
32d99dcd8d46e2cda04a9a9fa0e6693d2349a7a9,1807.07279,40,0.0,0.0,1.0,1.0
eda4869c67fe8bbf83db632275f053e7e0241e8c,1706.09673,15,0.0,0.0,0.0,1.0
ecc63972b2783ee39b3e522653cfb6dc5917d522,1706.09673,15,0.0,1.0,1.0,1.0
8d074aabf4f51c8455618c5bf7689d3f62c4da1d,1906.07662,42,0.0,0.0,1.0,1.0
fe2666ace293b4bfac3182db6d0c6f03ea799277,1906.07662,42,0.0,0.0,0.0,0.0
70a1b0f9f26f1b82c14783f1b76dfb5400444aa4,1906.07662,42,0.0,0.0,0.0,1.0
d3ca5f1814860a88ff30761fec3d860d35e39167,1906.07662,42,0.0,0.0,0.0,0.0
dd20d93166c14f1e57644cd7fa7b5e5738025cd0,2002.12612,70,1.0,1.0,1.0,1.0
dc2a2c177cd5df6da5d03e6e74262bf424850ec9,2002.12612,70,0.0,1.0,1.0,1.0
ae90c5567746fe25af2fcea0cc5f355751e05c71,2002.12612,70,0.0,0.0,0.0,0.0
d7644c674887ca9708eb12107acd964ae53b216d,2002.12612,70,0.0,0.0,1.0,1.0
a3bb9a936f61bafb509fa12ac0a61f91abcc5106,1908.05441,57,0.0,0.0,0.0,0.0
df6d327e176740da9edcc111a06374c54c8e809c,1908.05441,57,0.0,0.0,0.0,0.0
3321d8d0e190d25958e5bfe0f3438b5c2ba80fd1,1908.05441,57,0.0,0.0,0.0,0.0
bb3267c3f0a12d8014d51105de5d81686afe5f1b,1811.08603,65,0.0,0.0,0.0,0.0
114934e1a1e818630ff33ac5c4cd4be6c6f75bb2,1811.08603,65,0.0,1.0,1.0,1.0
2439b6b92d73f660fe6af8d24b7bbecf2b3a3d72,1811.08603,65,0.0,0.0,0.0,1.0
b8d0e4e0e820753ffc107c1847fe1dfd48883989,1811.08603,65,0.0,0.0,1.0,1.0
5aa12b4063d6182a71870c98e4e1815ff3dc8a72,1909.03135,67,0.0,1.0,1.0,1.0
22815878083ebd2f9e08bc33a5e733063dac7a0f,1909.03135,67,0.0,0.0,0.0,1.0
220d11a03897d85af91ec88a9b502815c7d2b6f3,1909.03135,67,0.0,0.0,0.0,1.0
d509081673f5667060400eb325a8050fa5db7cc8,1909.03135,67,1.0,1.0,1.0,1.0
c2e475adeddcdc4d637ef0d4f5065b6a9b299827,1804.07789,42,0.0,1.0,1.0,1.0
cb6a8c642575d3577d1840ca2f4cd2cc2c3397c5,1804.07789,42,1.0,1.0,1.0,1.0
6cd25c637c6b772ce29e8ee81571e8694549c5ab,1804.07789,42,1.0,1.0,1.0,1.0
1088255980541382a2aa2c0319427702172bbf84,1804.07789,42,1.0,1.0,1.0,1.0
0d9fcc715dee0ec85132b3f4a730d7687b6a06f4,1905.11268,54,1.0,1.0,1.0,1.0
8910ee2236a497c92324bbbc77c596dba39efe46,1905.11268,54,0.0,0.0,0.0,1.0
2c59528b6bc5b5dc28a7b69b33594b274908cca6,1905.11268,54,0.0,1.0,1.0,1.0
bc01853512eb3c11528e33003ceb233d7c1d7038,1905.11268,54,0.0,1.0,1.0,1.0
ba539cab80d25c3e20f39644415ed48b9e4e4185,1905.11268,54,0.0,1.0,1.0,1.0
6bf5620f295b5243230bc97b340fae6e92304595,1603.01514,55,0.0,0.0,1.0,1.0
4986f420884f917d1f60d3cea04dc8e64d3b5bf1,1603.01514,55,0.0,0.0,1.0,1.0
747b847d687f703cc20a87877c5b138f26ff137d,1603.01514,55,0.0,0.0,0.0,1.0
111afb77cfbf4c98e0458606378fa63a0e965e36,1603.01514,55,0.0,1.0,1.0,1.0
6568a31241167f618ef5ede939053feaa2fb0d7e,1603.01514,55,0.0,0.0,0.0,1.0
50cc6c5f2dcf5fb87b56007f6a825fa7c90b64ed,1603.01514,55,0.0,0.0,1.0,1.0
0fc2b5bc2ead08a6fe0280fb3a47477c6df1587c,1603.01514,55,0.0,0.0,0.0,0.0
4dc268e3d482e504ca80d2ab514e68fd9b1c3af1,1908.04042,56,0.0,0.0,0.0,0.0
ab54cd2dc83141bad3cb3628b3f0feee9169a556,1908.04042,56,0.0,1.0,1.0,1.0
249c805ee6f2ebe4dbc972126b3d82fb09fa3556,1908.04042,56,1.0,1.0,1.0,1.0
b4f881331b975e6e4cab1868267211ed729d782d,1908.04042,56,1.0,1.0,1.0,1.0
79413ff5d98957c31866f22179283902650b5bb6,1908.04042,56,0.0,0.0,1.0,1.0
29c014baf99fb9f40b5171aab3e2c7f12a748f79,1908.04042,56,0.0,0.0,0.0,0.0
09c86ef78e567033b725fc56b85c5d2602c1a7c3,1610.00956,70,1.0,1.0,1.0,1.0
d67c01d9b689c052045f3de1b0918bab18c3f174,1610.00956,70,0.0,0.0,0.0,0.0
e5bc73974c79d96eee2b688e578a9de1d0eb38fd,1610.00956,70,1.0,1.0,1.0,1.0
2cd37743bcc7ea3bd405ce6d91e79e5339d7642e,1601.02403,193,0.0,0.0,0.0,0.0
eac9dae3492e17bc49c842fb566f464ff18c049b,1601.02403,193,0.0,0.0,0.0,0.0
7697baf8d8d582c1f664a614f6332121061f87db,1601.02403,193,0.0,0.0,0.0,0.0
1cb100182508cf55b3509283c0e2bbcd527d625e,1601.02403,193,0.0,0.0,0.0,0.0
d6401cece55a14d2a35ba797a0878dfe2deabedc,1601.02403,193,0.0,0.0,0.0,0.0
fde700d5134a9ae8f7579bea1f1b75f34d7c1c4c,1912.03627,49,1.0,1.0,1.0,1.0
f9edd8f9c13b54d8b1253ed30e7decc1999602da,1912.03627,49,1.0,1.0,1.0,1.0
30af1926559079f59b0df055da76a3a34df8336f,1912.03627,49,0.0,1.0,1.0,1.0
ceb767e33fde4b927e730f893db5ece947ffb0d8,1810.12085,33,1.0,1.0,1.0,1.0
c2cb6c4500d9e02fc9a1bdffd22c3df69655189f,1810.12085,33,0.0,0.0,0.0,1.0
c571deefe93f0a41b60f9886db119947648e967c,1810.12085,33,0.0,0.0,0.0,0.0
06eb9f2320451df83e27362c22eb02f4a426a018,1610.07809,23,0.0,1.0,1.0,1.0
e54257585cc75564341eb02bdc63ff8111992f82,1610.07809,23,1.0,1.0,1.0,1.0
2a3e36c220e7b47c1b652511a4fdd7238a74a68f,1610.07809,23,1.0,1.0,1.0,1.0
9658b5ffb5c56e5a48a3fea0342ad8fc99741908,2003.03044,22,1.0,1.0,1.0,1.0
46c9e5f335b2927db995a55a18b7c7621fd3d051,2003.03044,22,0.0,0.0,0.0,1.0
ce0e2a8675055a5468c4c54dbb099cfd743df8a7,2003.03044,22,0.0,0.0,0.0,1.0
3a6e843c6c81244c14730295cfb8b865cd7ede46,1610.08815,50,0.0,0.0,0.0,0.0
fabf6fdcfb4c4c7affaa1e4336658c1e6635b1bf,1610.08815,50,0.0,0.0,1.0,1.0
1beb4a590fa6127a138f4ed1dd13d5d51cc96809,1610.08815,50,0.0,0.0,0.0,1.0
5c5aeee83ea3b34f5936404f5855ccb9869356c1,1909.00015,113,0.0,0.0,0.0,0.0
f8c1b17d265a61502347c9a937269b38fc3fcab1,1909.00015,113,0.0,0.0,0.0,0.0
5913930ce597513299e4b630df5e5153f3618038,1909.00015,113,0.0,1.0,1.0,1.0
81d193672090295e687bc4f4ac1b7a9c76ea35df,2001.01269,48,0.0,0.0,0.0,0.0
cf171fad0bea5ab985c53d11e48e7883c23cdc44,2001.01269,48,1.0,1.0,1.0,1.0
2a564b092916f2fabbfe893cf13de169945ef2e1,2001.01269,48,0.0,0.0,0.0,1.0
0d34c0812f1e69ea33f76ca8c24c23b0415ebc8d,2001.01269,48,0.0,0.0,0.0,0.0
73e83c54251f6a07744413ac8b8bed6480b2294f,2001.01269,48,0.0,1.0,1.0,1.0
3355918bbdccac644afe441f085d0ffbbad565d7,2001.01269,48,0.0,0.0,0.0,1.0
e48e750743aef36529fbea4328b8253dbe928b4d,1708.06185,22,0.0,0.0,0.0,1.0
c08aab979dcdc8f4fe8ec1337c3c8290ab13414e,1708.06185,22,1.0,1.0,1.0,1.0
8756b7b9ff5e87e4efdf6c2f73a0512f05b5ae3f,1708.06185,22,0.0,1.0,1.0,1.0
cc608df2884e1e82679f663ed9d9d67a4b6c03f3,1705.01214,292,0.0,0.0,0.0,0.0
3e432d71512ffbd790a482c716e7079ee78ce732,1705.01214,292,0.0,0.0,0.0,0.0
dd76130ec5fac477123fe8880472d03fbafddef6,1705.01214,292,0.0,0.0,0.0,0.0
43eecc576348411b0634611c81589f618cd4fddf,1908.07195,69,0.0,0.0,0.0,1.0
1038542243efe5ab3e65c89385e53c4831cd9981,2001.07786,28,1.0,1.0,1.0,1.0
e2b0cd30cf56a4b13f96426489367024310c3a05,2001.07786,28,0.0,0.0,0.0,1.0
e831041d50f3922265330fcbee5a980d0e2586dd,1912.00903,33,0.0,0.0,1.0,1.0
ac7f6497be4bcca64e75f28934b207c9e8097576,1912.00903,33,0.0,0.0,0.0,1.0
87bb3105e03ed6ac5abfde0a7ca9b8de8985663c,1903.11437,58,0.0,0.0,0.0,1.0
d9980676a83295dda37c20cfd5d58e574d0a4859,1903.11437,58,0.0,0.0,0.0,0.0
9225b651e0fed28d4b6261a9f6b443b52597e401,1903.11437,58,0.0,0.0,0.0,1.0
565189b672efee01d22f4fc6b73cd5287b2ee72c,1903.11437,58,0.0,0.0,0.0,0.0
b6f7fadaa1bb828530c2d6780289f12740229d84,1903.11437,58,0.0,0.0,1.0,1.0
7b9ca0e67e394f1674f0bcf1c53dfc2d474f8613,1903.11437,58,0.0,0.0,0.0,0.0
4e1a67f8dc68b55a5ce18e6cd385ae9ab90d891f,1703.04001,14,0.0,0.0,1.0,1.0
e374169ee10f835f660ab8403a5701114586f167,1909.10012,60,1.0,1.0,1.0,1.0
82595ca5d11e541ed0c3353b41e8698af40a479b,1909.10012,60,1.0,1.0,1.0,1.0
d4db7df65aa4ece63e1de813e5ce98ce1b4dbe7f,1909.10012,60,0.0,0.0,0.0,1.0
53dfcd5d7d2a81855ec1728f0d8e6e24c5638f1e,1907.06292,45,0.0,0.0,1.0,1.0
869feb7f47606105005efdb6bea1c549824baea0,1907.06292,45,1.0,1.0,1.0,1.0
c497e8701060583d91bb64b9f9202d40047effc4,1907.06292,45,1.0,1.0,1.0,1.0
8060a773f6a136944f7b59758d08cc6f2a59693b,1703.07090,42,0.0,0.0,0.0,1.0
c0af8b7bf52dc15e0b33704822c4a34077e09cd1,1703.07090,42,0.0,0.0,0.0,1.0
9de2f73a3db0c695e5e0f5a3d791fdc370b1df6e,1810.04635,31,0.0,1.0,1.0,1.0
e0122fc7b0143d5cbcda2120be87a012fb987627,1810.04635,31,0.0,0.0,0.0,1.0
5da26954fbcd3cf6a7dba9f8b3c9a4b0391f67d4,1810.04635,31,0.0,0.0,0.0,1.0
37edc25e39515ffc2d92115d2fcd9e6ceb18898b,1707.03569,24,0.0,1.0,1.0,1.0
e431661f17347607c3d3d9764928385a8f3d9650,1707.03569,24,0.0,1.0,1.0,1.0
876700622bd6811d903e65314ac75971bbe23dcc,1707.03569,24,0.0,0.0,1.0,1.0
d915b401bb96c9f104a0353bef9254672e6f5a47,1912.10011,82,0.0,0.0,0.0,0.0
79a44a68bb57b375d8a57a0a7f522d33476d9f33,1912.10011,82,1.0,1.0,1.0,1.0
664db503509b8236bc4d3dc39cebb74498365750,1912.10011,82,0.0,0.0,0.0,0.0
64af7f5c109ed10eda4fb1b70ecda21e6d5b96c8,2003.11563,58,1.0,1.0,1.0,1.0
b0a18628289146472aa42f992d0db85c200ec64b,2003.11563,58,0.0,0.0,1.0,1.0
72ce05546c81ada05885026470f4c8c218805055,2003.11563,58,0.0,0.0,0.0,0.0
f20a389ace2267aa61eddcc235535452ccdae0e6,1909.09534,7,0.0,1.0,1.0,1.0
6411622cc8b2fbedbfa468859d453596d3bd2f03,1909.09534,7,0.0,1.0,1.0,1.0
fc77d70c305fa80447b191248aba93da63ac3704,1909.09534,7,0.0,1.0,1.0,1.0
5b551ba47d582f2e6467b1b91a8d4d6a30c343ec,1909.00105,40,0.0,0.0,1.0,1.0
3cf1edfa6d53a236cf4258afd87c87c0a477e243,1909.00105,40,0.0,0.0,0.0,1.0
9bfebf8e5bc0bacf0af96a9a951eb7b96b359faa,1909.00105,40,0.0,0.0,1.0,1.0
34dc0838632d643f33c8dbfe7bd4b656586582a2,1909.00105,40,0.0,0.0,1.0,1.0
c77359fb9d3ef96965a9af0396b101f82a0a9de6,1909.00105,40,0.0,0.0,0.0,0.0
1bdc990c7e948724ab04e70867675a334fdd3051,1909.00105,40,0.0,0.0,1.0,1.0
78536da059b884d6ad04680baeb894895458055c,2001.02885,55,0.0,0.0,0.0,0.0
511517efc96edcd3e91e7783821c9d6d5a6562af,2001.02885,55,0.0,0.0,0.0,1.0
9122de265577e8f6b5160cd7d28be9e22da752b2,2001.02885,55,0.0,0.0,0.0,0.0
74b4779de437c697fe702e51f23e2b0538b0f631,1801.10293,43,0.0,0.0,0.0,1.0
435570723b37ee1f5898c1a34ef86a0b2e8701bb,1801.10293,43,0.0,1.0,1.0,1.0
aa2948209cc33b071dbf294822e72bb136678345,1809.06537,76,0.0,0.0,0.0,0.0
d9412dda3279729e95fcb35cbed09e61577a896e,1809.06537,76,0.0,0.0,0.0,0.0
41b70699514703820435b00efbc3aac4dd67560a,1809.06537,76,0.0,0.0,0.0,0.0
e3c9e4bc7bb93461856e1f4354f33010bc7d28d5,1809.06537,76,0.0,1.0,1.0,1.0
06cc8fcafc0880cf69a2514bb7341642b9833041,1809.06537,76,0.0,1.0,1.0,1.0
d650101712e36594bd77b45930a990402a455222,1809.06537,76,0.0,0.0,0.0,0.0
cb384dc5366b693f28680374d31ff45356af0461,2003.03014,108,0.0,1.0,1.0,1.0
d41e20ec716b5904a272938e5a8f5f3f15a7779e,2003.03014,108,0.0,0.0,0.0,0.0
0682bf049f96fa603d50f0fdad0b79a5c55f6c97,2003.03014,108,0.0,0.0,0.0,1.0
97d1ac71eed13d4f51f29aac0e1a554007907df8,1908.08345,49,0.0,1.0,1.0,1.0
c17b609b0b090d7e8f99de1445be04f8f66367d4,1908.08345,49,0.0,0.0,0.0,1.0
53014cfb506f6fffb22577bf580ae6f4d5317ce5,1908.08345,49,0.0,1.0,1.0,1.0
fa30a938b58fc05131c3854f12efe376cbad887f,1611.02988,38,0.0,1.0,1.0,1.0
f875337f2ecd686cd7789e111174d0f14972638d,1611.02988,38,0.0,0.0,0.0,1.0
de53af4eddbc30c808d90b8a11a29217d377569e,1611.02988,38,1.0,1.0,1.0,1.0
dac087e1328e65ca08f66d8b5307d6624bf3943f,1604.08504,32,0.0,0.0,0.0,0.0
a1645d0ba50e4c29f0feb806521093e7b1459081,1604.08504,32,1.0,1.0,1.0,1.0
3cd185b7adc835e1c4449eff81222f5fc15c8500,1604.08504,32,0.0,0.0,0.0,0.0
f03112b868b658c954db62fc64430bebbaa7d9e0,1802.08636,27,0.0,0.0,0.0,0.0
a6d3e57de796172c236e33a6ceb4cca793dc2315,1802.08636,27,0.0,0.0,0.0,1.0
395b61d368e8766014aa960fde0192e4196bcb85,2001.07820,59,1.0,1.0,1.0,1.0
92bb41cf7bd1f7886784796a8220ed5aa07bc49b,2001.07820,59,0.0,0.0,0.0,0.0
4ef11518b40cc55d86c485f14e24732123b0d907,2001.07820,59,1.0,1.0,1.0,1.0
6a219d7c58451842aa5d6819a7cdf51c55e9fc0f,2002.01320,24,0.0,0.0,0.0,1.0
cee8cfaf26e49d98e7d34fa1b414f8f31d6502ad,2002.01320,24,1.0,1.0,1.0,1.0
f8f4e4a50d2b3fbd193327e79ea32d8d057e1414,2002.01320,24,0.0,0.0,1.0,1.0
bc84c5a58c57038910f7720d7a784560054d3e1a,2002.01320,24,1.0,1.0,1.0,1.0
29923a824c98b3ba85ced964a0e6a2af35758abe,2002.01320,24,1.0,1.0,1.0,1.0
8dc707a0daf7bff61a97d9d854283e65c0c85064,2002.01320,24,1.0,1.0,1.0,1.0
6cd8bad8a031ce6d802ded90f9754088e0c8d653,1605.07333,36,0.0,0.0,0.0,1.0
30eacb4595014c9c0e5ee9669103d003cfdfe1e5,1605.07333,36,0.0,0.0,0.0,0.0
0f7867f888109b9e000ef68965df4dde2511a55f,1605.07333,36,0.0,1.0,1.0,1.0
e2e977d7222654ee8d983fd8ba63b930e9a5a691,1605.07333,36,0.0,0.0,0.0,1.0
0cfe0e33fbb100751fc0916001a5a19498ae8cb5,1605.07333,36,0.0,1.0,1.0,1.0
612c3675b6c55b60ae6d24265ed8e20f62cb117e,2003.08385,95,0.0,0.0,0.0,0.0
bd40f33452da7711b65faaa248aca359b27fddb6,2003.08385,95,0.0,0.0,0.0,1.0
787c4d4628eac00dbceb1c96020bff0090edca46,2003.08385,95,0.0,0.0,0.0,0.0
559920ebe19e99e43418c2f0455a0ffdc8edaaa2,1901.10133,15,0.0,1.0,1.0,1.0
68cd8433a75eee7d100dbbfedebbf53873a21720,1901.10133,15,1.0,1.0,1.0,1.0
3c3807f226ba72fc41f59f0338f12a49a0c35605,1911.00841,52,0.0,0.0,0.0,0.0
c70bafc35e27be9d1efae60596bc0dd390c124c0,1911.00841,52,0.0,0.0,0.0,0.0
81d607fc206198162faa54a796717c2805282d9b,1911.00841,52,0.0,0.0,1.0,1.0
51fe4d44887c5cc5fc98b65ca4cb5876f0a56dad,1911.00841,52,1.0,1.0,1.0,1.0
f0848e7a339da0828278f6803ed7990366c975f0,1911.00841,52,0.0,1.0,1.0,1.0
b85fc420eb2f77f6f14f375cc1fcc5155eb5c0a8,1605.03481,30,0.0,0.0,0.0,0.0
792f6d76d2befba2af07198584aac1b189583ae4,1605.03481,30,0.0,1.0,1.0,1.0
127d5ddfabec5c58832e5865cbd8ed0978c25a13,1605.03481,30,0.0,0.0,0.0,1.0
b91671715ad4fad56c67c28ce6f29e180fe08595,1605.03481,30,1.0,1.0,1.0,1.0
a6d37b5975050da0b1959232ae756fc09e5f87e8,1605.03481,30,0.0,0.0,0.0,1.0
7ab9c0b4ceca1c142ff068f85015a249b14282d0,1908.07245,36,0.0,0.0,0.0,1.0
00050f7365e317dc0487e282a4c33804b58b1fb3,1908.07245,36,1.0,1.0,1.0,1.0
c5b0ed5db65051eebd858beaf303809aa815e8e5,1908.07245,36,0.0,1.0,1.0,1.0
10fb7dc031075946153baf0a0599e126de29e3a4,1908.07245,36,0.0,0.0,0.0,1.0
12f7fac818f0006cf33269c9eafd41bbb8979a48,1901.01010,40,0.0,0.0,0.0,0.0
1097768b89f8bd28d6ef6443c94feb04c1a1318e,1901.01010,40,0.0,0.0,0.0,0.0
23e2971c962bb6486bc0a66ff04242170dd22a1d,1901.01010,40,0.0,0.0,1.0,1.0
c9bc6f53b941863e801280343afa14248521ce43,1901.01010,40,0.0,0.0,1.0,1.0
07b70b2b799b9efa630e8737df8b1dd1284f032c,1901.01010,40,0.0,0.0,1.0,1.0
71a0c4f19be4ce1b1bae58a6e8f2a586e125d074,1901.01010,40,0.0,1.0,1.0,1.0
c2eb743c9d0baf1781c3c0df9533fab588250af3,1809.02279,52,0.0,0.0,0.0,0.0
c35806cf68220b2b9bb082b62f493393b9bdff86,1809.02279,52,0.0,0.0,1.0,1.0
f7d0fa52017a642a9f70091a252857fccca31f12,1809.02279,52,0.0,0.0,1.0,1.0
01209a3bead7c87bcdc628be2a5a26b41abde9d1,1809.02279,52,1.0,1.0,1.0,1.0
2740e3d7d33173664c1c5ab292c7ec75ff6e0802,2002.01207,47,0.0,0.0,1.0,1.0
db72a78a7102b5f0e75a4d9e1a06a3c2e7aabb21,2002.01207,47,0.0,0.0,1.0,1.0
48bd71477d5f89333fa7ce5c4556e4d950fb16ed,2002.01207,47,0.0,0.0,0.0,0.0
76ed74788e3eb3321e646c48ae8bf6cdfe46dca1,2002.01207,47,0.0,0.0,0.0,0.0
ad1be65c4f0655ac5c902d17f05454c0d4c4a15d,1803.05223,60,0.0,0.0,1.0,1.0
2eb9280d72cde9de3aabbed993009a98a5fe0990,1803.05223,60,0.0,0.0,1.0,1.0
154a721ccc1d425688942e22e75af711b423e086,1803.05223,60,1.0,1.0,1.0,1.0
84bad9a821917cb96584cf5383c6d2a035358d7c,1803.05223,60,0.0,0.0,0.0,0.0
56b7319be68197727baa7d498fa38af0a8440fe4,1909.06162,20,0.0,0.0,1.0,1.0
2268c9044e868ba0a16e92d2063ada87f68b5d03,1909.06162,20,0.0,1.0,1.0,1.0
a1ac2a152710335519c9a907eec60d9f468b19db,1909.06162,20,1.0,1.0,1.0,1.0
49eb52b3ec0647e165a5e41488088c80a20cc78f,1905.10851,42,0.0,0.0,0.0,0.0
9bb7ae50bff91571a945c1af025ed2e67714a788,1905.10851,42,0.0,0.0,1.0,1.0
81dbe9a9ddaa5d02b02e01a306d898015a56ffb6,1905.10851,42,0.0,1.0,1.0,1.0
348886b4762db063711ef8b7a10952375fbdcb57,1906.07701,26,0.0,1.0,1.0,1.0
1ed49a8c07ef0ac15cfa6b7decbde6604decbd5b,1906.07701,26,0.0,0.0,0.0,1.0
f9aa055bf73185ba939dfb03454384810eb17ad1,2002.07306,46,0.0,0.0,1.0,1.0
d571e0b0f402a3d36fb30d70cdcd2911df883bc7,2002.07306,46,1.0,1.0,1.0,1.0
ce2b921e4442a21555d65d8ce4ef7e3bde931dfc,2002.07306,46,0.0,0.0,0.0,1.0
2275b0e195cd9cb25f50c5c570da97a4cce5dca8,2002.07306,46,1.0,1.0,1.0,1.0
37f8c034a14c7b4d0ab2e0ed1b827cc0eaa71ac6,2002.07306,46,1.0,1.0,1.0,1.0
d01c51155e4719bf587d114bcd403b273c77246f,2002.07306,46,0.0,0.0,0.0,1.0
9b4dc790e4ff49562992aae4fad3a38621fadd8b,1810.12091,45,0.0,0.0,0.0,1.0
a1dac888f63c9efaf159d9bdfde7c938636f07b1,1810.12091,45,0.0,1.0,1.0,1.0
1e4dbfc556cf237accb8b370de2f164fa723687b,1810.05241,71,0.0,0.0,0.0,0.0
fff5c24dca92bc7d5435a2600e6764f039551787,1810.05241,71,1.0,1.0,1.0,1.0
f1e90a553a4185a4b0299bd179f4f156df798bce,1810.05241,71,0.0,0.0,0.0,0.0
19b7312cfdddb02c3d4eaa40301a67143a72a35a,1810.05241,71,0.0,0.0,0.0,0.0
22744c3bc68f120669fc69490f8e539b09e34b94,1805.01445,18,1.0,1.0,1.0,1.0
dcea88698949da4a1bd00277c06df06c33f6a5ff,1805.01445,18,0.0,1.0,1.0,1.0
d7b60abb0091246e29d1a9c28467de598e090c20,1706.01875,36,0.0,0.0,0.0,0.0
bdf93053b1b9b0a21f77ed370cf4d5a10df70e3e,1706.01875,36,0.0,1.0,1.0,1.0
5a6926de13a8cc25ce687c22741ba97a6e63d4ee,1706.01875,36,0.0,0.0,0.0,1.0
dcc1115aeaf87118736e86f3e3eb85bf5541281c,1706.01875,36,0.0,0.0,1.0,1.0
c74185bced810449c5f438f11ed6a578d1e359b4,1909.01362,71,0.0,0.0,1.0,1.0
88e5d37617e14d6976cc602a168332fc23644f19,1909.01362,71,0.0,0.0,1.0,1.0
45f7c03a686b68179cadb1413c5f3c1d373328bd,2004.01862,25,0.0,0.0,0.0,1.0
a2015f02dfb376bf9b218d1c897018f4e70424d7,2004.01862,25,0.0,1.0,1.0,1.0
f697d00a82750b14376fe20a5a2b249e98bebe9b,1908.01294,84,0.0,0.0,1.0,1.0
e0e379e546f1da9da874a2e90c79b41c60feb817,1908.01294,84,0.0,1.0,1.0,1.0
70148c8d0f345ea36200d5ba19d021924d98e759,1906.01040,25,1.0,1.0,1.0,1.0
126ff22bfcc14a2f7e1a06a91ba7b646003e9cf0,1909.01383,59,0.0,0.0,0.0,0.0
7e4ef0a4debc048b244b61b4f7dc2518b5b466c0,1909.01383,59,0.0,0.0,0.0,1.0
b68f72aed961d5ba152e9dc50345e1e832196a76,1909.01383,59,1.0,1.0,1.0,1.0
cf874cd9023d901e10aa8664b813d32501e7e4d2,1705.05437,26,1.0,1.0,1.0,1.0
42084c41343e5a6ae58a22e5bfc5ce987b5173de,1705.05437,26,0.0,0.0,0.0,0.0
b637d6393ef3af7462917b81861531022b291933,2003.02249,63,0.0,0.0,0.0,0.0
8b9c12df9f89040f1485b3847a29f11b5c9262e0,2003.02249,63,0.0,0.0,0.0,1.0
72e4e26d0dd79c590c28b10938952a9f9497ff1e,1910.03634,17,0.0,0.0,0.0,1.0
58ee0cbf1d8e3711c617b1cd3d7aca8620e26187,1910.03634,17,0.0,0.0,0.0,0.0
f71b52e00e0be80c926f153b9fe0a06dd93af11e,1910.03634,17,0.0,1.0,1.0,1.0
54e945ea4b014e11ed4e1e61abc2aa9e68fea310,1910.03634,17,0.0,1.0,1.0,1.0
df0257ab04686ddf1c6c4d9b0529a7632330b98e,2001.08868,58,0.0,1.0,1.0,1.0
568fb7989a133564d84911e7cb58e4d8748243ef,2001.08868,58,0.0,1.0,1.0,1.0
2c947447d81252397839d58c75ebcc71b34379b5,2001.08868,58,0.0,0.0,0.0,0.0
c01784b995f6594fdb23d7b62f20a35ae73eaa77,2001.08868,58,0.0,0.0,0.0,0.0
3415762847ed13acc3c90de60e3ef42612bc49af,1910.12795,57,0.0,0.0,0.0,1.0
223dc2b9ea34addc0f502003c2e1c1141f6b36a7,1910.12795,57,0.0,1.0,1.0,1.0
e1ab11885f72b4658263a60751d956ba661c1d61,1805.10824,24,0.0,0.0,0.0,0.0
c85b6f9bafc4c64fc538108ab40a0590a2f5768e,1805.10824,24,1.0,1.0,1.0,1.0
8e52637026bee9061f9558178eaec08279bf7ac6,1805.10824,24,0.0,0.0,0.0,0.0
0f6216b9e4e59252b0c1adfd1a848635437dfcdc,1805.10824,24,0.0,1.0,1.0,1.0
22ccee453e37536ddb0c1c1d17b0dbac04c6c607,1805.10824,24,1.0,1.0,1.0,1.0
d00bbeda2a45495e6261548710afa6b21ea32870,1805.10824,24,1.0,1.0,1.0,1.0
71b1af123fe292fd9950b8439db834212f0b0e32,2003.04866,176,1.0,1.0,1.0,1.0
a616a3f0d244368ec588f04dfbc37d77fda01b4c,2003.04866,176,1.0,1.0,1.0,1.0
8e44c02c2d9fa56fb74ace35ee70a5add50b52ae,1704.04452,68,0.0,0.0,0.0,0.0
1522ccedbb1f668958f24cca070f640274bc2549,1704.04452,68,1.0,1.0,1.0,1.0
97466a37525536086ed5d6e5ed143df085682318,1704.04452,68,1.0,1.0,1.0,1.0
e9cfbfdf30e48cffdeca58d4ac6fdd66a8b27d7a,1704.04452,68,0.0,1.0,1.0,1.0
d6191c4643201262a770947fc95a613f57bedb6b,1704.04452,68,0.0,0.0,1.0,1.0
ffeb67a61ecd09542b1c53c3e4c3abd4da0496a8,1704.04452,68,0.0,0.0,0.0,0.0
fc4ae12576ea3a85ea6d150b46938890d63a7d18,2003.11562,27,0.0,1.0,1.0,1.0
19cf7884c0c509c189b1e74fe92c149ff59e444b,2003.11562,27,0.0,0.0,1.0,1.0
ecd5770cf8cb12cb34285e26ab834301c17c53e1,1608.08188,47,0.0,0.0,0.0,1.0
f85ca6135b101736f5c16c5b5d40895280016023,1906.06849,20,0.0,1.0,1.0,1.0
d98847340e46ffe381992f1a594e75d3fb8d385e,1901.08079,159,0.0,0.0,0.0,0.0
7006c66a15477b917656f435d66f63760d33a304,1805.06966,41,0.0,1.0,1.0,1.0
a15bc19674d48cd9919ad1cf152bf49c88f4417d,1805.06966,41,0.0,0.0,0.0,0.0
440faf8d0af8291d324977ad0f68c8d661fe365e,1806.03125,113,0.0,1.0,1.0,1.0
0ec56e15005a627d0b478a67fd627a9d85c3920e,1806.03125,113,0.0,0.0,0.0,1.0
a712718e6596ba946f29a99838d82f95b9ebb1ce,1910.14076,26,0.0,1.0,1.0,1.0
3116453e35352a3a90ee5b12246dc7f2e60cfc59,1910.14076,26,0.0,1.0,1.0,1.0
dfca00be3284cc555a6a4eac4831471fb1f5875b,1910.14076,26,0.0,0.0,1.0,1.0
a9a532399237b514c1227f2d6be8601474e669be,1910.14076,26,0.0,1.0,1.0,1.0
26126068d72408555bcb52977cd669faf660bdf7,1911.06118,41,0.0,0.0,1.0,1.0
660284b0a21fe3801e64dc9e0e51da5400223fe3,1911.06118,41,0.0,0.0,0.0,0.0
c22394a3fb0dbf2fc7d3a70ad6435803f5a16ebd,1908.08717,38,0.0,0.0,0.0,0.0
f85f2a532e7e700d9f8f9c09cd08d4e47b87bdd3,1908.08717,38,0.0,1.0,1.0,1.0
a253749e3b4c4f340778235f640ce694642a4555,1908.08717,38,0.0,1.0,1.0,1.0
1142784dc4e0e4c0b4eca1feaf1c10dc46dd5891,1908.08717,38,0.0,1.0,1.0,1.0
777bb3dcdbc32e925df0f7ec3adb96f15dd3dc47,1908.08717,38,0.0,0.0,0.0,0.0
2da4c3679111dd92a1d0869dae353ebe5989dfd2,1908.08717,38,0.0,1.0,1.0,1.0
a5505e25ee9ae84090e1442034ddbb3cedabcf04,1907.03187,47,0.0,0.0,0.0,0.0
1dc2da5078a7e5ea82ccd1c90d81999a922bc9bf,1608.01884,36,0.0,0.0,0.0,0.0
7fa3c2c0cf7f559d43e84076a9113a390c5ba03a,1608.01884,36,0.0,0.0,0.0,1.0
9a7ba5ed1779c664d2cac92494a43517d3e87c96,1608.01884,36,0.0,0.0,0.0,0.0
662870a90890c620a964720b2ca122a1139410ea,1608.01884,36,0.0,1.0,1.0,1.0
92d1a6df3041667dc662376938bc65527a5a1c3c,1705.01265,33,0.0,1.0,1.0,1.0
12159f04e0427fe33fa05af6ba8c950f1a5ce5ea,1705.01265,33,0.0,1.0,1.0,1.0
a4a1fcef760b133e9aa876ac28145ad98a609927,1705.01265,33,0.0,0.0,0.0,0.0
63bb2040fa107c5296351c2b5f0312336dad2863,1705.01265,33,0.0,1.0,1.0,1.0
01f4a0a19467947a8f3bdd7ec9fac75b5222d710,1906.10225,55,0.0,0.0,1.0,1.0
907b3af3cfaf68fe188de9467ed1260e52ec6cf1,1712.05999,50,0.0,0.0,1.0,1.0
56a8826cbee49560592b2d4b47b18ada236a12b9,1712.05999,50,0.0,0.0,0.0,0.0
968b7c3553a668ba88da105eff067d57f393c63f,1712.05999,50,0.0,1.0,1.0,1.0
f03df5d99b753dc4833ef27b32bb95ba53d790ee,1712.05999,50,1.0,1.0,1.0,1.0
a8f51b4e334a917702422782329d97304a2fe139,1712.05999,50,0.0,1.0,1.0,1.0
dca86fbe1d57b44986055b282a03c15ef7882e51,1712.05999,50,0.0,1.0,1.0,1.0
d2a0142150cc3788475572f82458ef88087bd7ac,2001.05865,10,0.0,0.0,1.0,1.0
27dbbd63c86d6ca82f251d4f2f030ed3e88f58fa,1808.03738,51,0.0,0.0,0.0,1.0
b9d07757e2d2c4be41823dd1ea3b9c7f115b5f72,1808.03738,51,1.0,1.0,1.0,1.0
808f0ad46ca4eb4ea5492f9e14ca043fe1e206cc,1910.08293,65,1.0,1.0,1.0,1.0
36ae003c7cb2a1bbfa90b89c671bc286bd3b3dfd,1910.08293,65,0.0,0.0,0.0,0.0
f0b1d8c0a44dbe8d444a5dbe2d9c3d51e048a6f6,1910.08293,65,0.0,0.0,1.0,1.0
357eb9f0c07fa45e482d998a8268bd737beb827f,1910.08293,65,0.0,1.0,1.0,1.0
ad08b215dca538930ef1f50b4e49cd25527028ad,1909.01296,35,0.0,0.0,0.0,0.0
e4a315e9c190cf96493eefe04ce4ba6ae6894550,1909.01296,35,0.0,0.0,0.0,1.0
6263b2cba18207474786b303852d2f0d7068d4b6,1909.01296,35,1.0,1.0,1.0,1.0
c1c44fd96c3fa6e16949ae8fa453e511c6435c68,1902.09243,71,0.0,0.0,0.0,0.0
d28d86524292506d4b24ae2d486725a6d57a3db3,1902.09243,71,0.0,1.0,1.0,1.0
feafcc1c4026d7f55a2c8ce7850d7e12030b5c22,1902.09243,71,1.0,1.0,1.0,1.0
a9337636b52de375c852682a2561af2c1db5ec63,1801.02073,20,0.0,0.0,0.0,0.0
45a5961a4e1d1c22874c4918e5c98bd3c0a670b3,1801.02073,20,1.0,1.0,1.0,1.0
30e21f5bc1d2f80f422c56d62abca9cd3f2cd4a1,1801.02073,20,0.0,0.0,0.0,0.0
5c6fa86757410aee6f5a0762328637de03a569e9,1801.06482,26,1.0,1.0,1.0,1.0
7e38e0279a620d3df05ab9b5e2795044f18d4471,1801.06482,26,0.0,1.0,1.0,1.0
8b0abc1907c2bf3e0256f8cf85e0ba66a839bd92,1909.05359,56,0.0,0.0,0.0,1.0
03ebb29c08375afc42a957c7b2dc1a42bed7b713,1909.05359,56,0.0,0.0,0.0,0.0
9cf070d6671ee4a6353f79a165aa648309e01295,1603.08594,43,0.0,0.0,0.0,1.0
87bc6f83f7f90df3c6c37659139b92657c3f7a38,1603.08594,43,1.0,1.0,1.0,1.0
01e2d10178347d177519f792f86f25575106ddc7,1703.07476,35,0.0,0.0,1.0,1.0
021bfb7e180d67112b74f05ecb3fa13acc036c86,1703.07476,35,0.0,0.0,0.0,1.0
d201b9992809142fe59ae74508bc576f8ca538ff,1906.00346,64,0.0,0.0,0.0,0.0
c4628d965983934d7a2a9797a2de6a411629d5bc,1906.00346,64,0.0,0.0,0.0,0.0
bd419f4094186a5ce74ba6ac1622b24e29e553f4,1909.08970,25,1.0,1.0,1.0,1.0
11e8bd4abf5f8bdabad3e8f0691e6d0ad6c326af,1909.08970,25,0.0,0.0,0.0,1.0
1269c5d8f61e821ee0029080c5ba2500421d5fa6,1805.07133,77,0.0,0.0,1.0,1.0
e35a7f9513ff1cc0f0520f1d4ad9168a47dc18bb,1805.07133,77,1.0,1.0,1.0,1.0
b9ea841b817ba23281c95c7a769873b840dee8d5,1805.07133,77,0.0,0.0,1.0,1.0
219af68afeaecabdfd279f439f10ba7c231736e4,1805.07133,77,0.0,0.0,1.0,1.0
b6f466e0fdcb310ecd212fd90396d9d13e0c0504,1903.11283,77,0.0,1.0,1.0,1.0
62ea141d0fb342dfb97c69b49d1c978665b93b3c,1903.11283,77,0.0,0.0,0.0,1.0
50cb50657572e315fd452a89f3e0be465094b66f,1709.05036,36,0.0,1.0,1.0,1.0
981fd79dd69581659cb1d4e2b29178e82681eb4d,1706.00139,64,0.0,0.0,0.0,1.0
03e9ac1a2d90152cd041342a11293a1ebd33bcc3,1706.00139,64,0.0,1.0,1.0,1.0
ef396a34436072cb3c40b0c9bc9179fee4a168ae,1705.04153,78,0.0,0.0,0.0,1.0
d6e353e0231d09fd5dcba493544d53706f3fe1ab,1912.01852,31,0.0,0.0,1.0,1.0
7bd6a6ec230e1efb27d691762cc0674237dc7967,1808.09029,45,0.0,0.0,1.0,1.0
6aaf12505add25dd133c7b0dafe8f4fe966d1f1d,1808.09029,45,0.0,0.0,0.0,0.0
73906462bd3415f23d6378590a5ba28709b17605,2004.04721,37,0.0,0.0,1.0,1.0
5bc1dc6ebcb88fd0310b21d2a74939e35a4c1a11,2004.04721,37,0.0,0.0,0.0,0.0
88bf368491f9613767f696f84b4bb1f5a7d7cb48,2004.04721,37,0.0,0.0,0.0,1.0
0737954caf66f2b4c898b356d2a3c43748b9706b,2004.04721,37,0.0,0.0,0.0,0.0
664b3eadc12c8dde309e8bbd59e9af961a433cde,2004.04721,37,0.0,0.0,0.0,0.0
b3307d5b68c57a074c483636affee41054be06d1,2004.04721,37,0.0,0.0,1.0,1.0
bfc1de5fa4da2f0e301fd22aea19cf01e2bb5b31,2004.04721,37,0.0,0.0,0.0,0.0
12d7055baf5bffb6e9e95e977c000ef2e77a4362,1905.07791,54,0.0,0.0,0.0,0.0
498c0229f831c82a5eb494cdb3547452112a66a0,1905.07791,54,0.0,1.0,1.0,1.0
8c48c726bb17a17d70ab29db4d65a93030dd5382,1905.07791,54,0.0,1.0,1.0,1.0
06b5272774ec43ee5facfa7111033386f06cf448,1905.07791,54,0.0,1.0,1.0,1.0
08b57deb237f15061e4029b6718f1393fa26acce,2002.04181,16,0.0,0.0,0.0,1.0
9b7655d39c7a19a23eb8944568eb5618042b9026,2002.04181,16,0.0,0.0,1.0,1.0
cd06d775f491b4a17c9d616a8729fd45aa2e79bf,2002.04181,16,0.0,1.0,1.0,1.0
1329280df5ee9e902b2742bde4a97bc3e6573ff3,2002.04181,16,0.0,0.0,0.0,1.0
58c6737070ef559e9220a8d08adc481fdcd53a24,2002.04181,16,0.0,0.0,0.0,1.0
0af16b164db20d8569df4ce688d5a62c861ace0b,1908.06264,41,1.0,1.0,1.0,1.0
78a4ec72d76f0a736a4a01369a42b092922203b6,1908.06264,41,0.0,0.0,1.0,1.0
81588e0e207303c2867c896f3911a54a1ef7c874,1908.06264,41,0.0,0.0,1.0,1.0
dd09db5eb321083dba16c2550676e60682f9a0cd,1908.06264,41,0.0,1.0,1.0,1.0
40c0f97c3547232d6aa039fcb330f142668dea4b,1709.10367,46,1.0,1.0,1.0,1.0
777217e025132ddc173cf33747ee590628a8f62f,1709.10367,46,1.0,1.0,1.0,1.0
2dbf6fe095cd879a9bf40f110b7b72c8bdde9475,1709.10367,46,0.0,0.0,0.0,0.0
de830c534c23f103288c198eb19174c76bfd38a1,1709.10367,46,0.0,1.0,1.0,1.0
b0d66760829f111b8fad0bd81ca331ddd943ef41,1909.03582,55,0.0,0.0,0.0,0.0
ae7c93646aa5f3206cd759904965b4d484d12f83,1909.03582,55,0.0,0.0,1.0,1.0
d1ec42b2b5a3c956ff528543636e024bfde5e5ba,1909.03582,55,0.0,1.0,1.0,1.0
1dac4bc5af239024566fcb0f43bb9ff1c248ecec,1909.03582,55,0.0,0.0,1.0,1.0
3bf0306e9bd044f723e38170c13455877b2aeec3,1909.03582,55,0.0,0.0,0.0,0.0
2858620e0498db2f2224bfbed5263432f0570832,1908.06267,87,1.0,1.0,1.0,1.0
545e92833b0ad4ba32eac5997edecf97a366a244,1908.06267,87,1.0,1.0,1.0,1.0
cb12c19f9d14bef7b2f778892d9071eea2d6c63d,1908.06267,87,0.0,1.0,1.0,1.0
9193006f359c53eb937deff1248ee3317978e576,1908.06267,87,1.0,1.0,1.0,1.0
bc67b91dd73acded2d52fd4fee732b7a9722ea8b,1908.06267,87,1.0,1.0,1.0,1.0
49c32a2a64eb41381e5f12ccea4150cac9f3303d,1701.05574,53,0.0,0.0,0.0,1.0
bbb77f2d6685c9257763ca38afaaef29044b4018,1701.05574,53,0.0,0.0,0.0,1.0
d6ea7a30b0b61ae126b00b59d2a14fff2ef887bf,1907.01468,73,0.0,0.0,0.0,1.0
b970f48d30775d3468952795bc72976baab3438e,1907.01468,73,0.0,0.0,1.0,1.0
